time,seconds_elapsed,z,y,x
1782969326461347600,0.06234765625,-0.46783447265625,-0.0094146728515625,-0.061004638671875
1782969326471273500,0.0722734375,-0.40673828125,-0.002777099609375,-0.035003662109375
1782969326481200400,0.082200439453125,-0.365386962890625,-0.001312255859375,-0.0218505859375
1782969326491126500,0.09212646484375,-0.306488037109375,0.00994873046875,-0.0156097412109375
1782969326501052700,0.102052734375,-0.2497406005859375,-0.0007476806640625,-0.0183258056640625
1782969326510978600,0.111978515625,-0.1918792724609375,-0.009918212890625,-0.0132904052734375
1782969326520905500,0.121905517578125,-0.10357666015625,0.0164947509765625,0.0129241943359375
1782969326530831600,0.13183154296875,0.043487548828125,0.044921875,0.0520782470703125
1782969326540757500,0.141757568359375,0.2417449951171875,0.0436553955078125,0.085845947265625
1782969326550683400,0.151683349609375,0.4091033935546875,0.021209716796875,0.10302734375
1782969326560609500,0.161609619140625,0.4990997314453125,0.013427734375,0.122467041015625
1782969326570536700,0.17153662109375,0.5240478515625,0.0152587890625,0.1247406005859375
1782969326580462300,0.18146240234375,0.483154296875,0.02630615234375,0.09405517578125
1782969326590388500,0.191388427734375,0.3884124755859375,0.0418701171875,0.040924072265625
1782969326600314600,0.201314697265625,0.2504119873046875,0.0384674072265625,-0.0261993408203125
1782969326610241500,0.211241455078125,0.0597991943359375,0.0212554931640625,-0.105377197265625
1782969326620167400,0.22116748046875,-0.205963134765625,-0.0006256103515625,-0.20147705078125
1782969326630093600,0.231093505859375,-0.4805145263671875,-0.03253173828125,-0.3045501708984375
1782969326640019500,0.24101953125,-0.6116943359375,-0.0966644287109375,-0.3954620361328125
1782969326649945600,0.250945556640625,-0.5894927978515625,-0.1482696533203125,-0.3906707763671875
1782969326659872500,0.26087255859375,-0.5546112060546875,-0.1834259033203125,-0.3460540771484375
1782969326669798700,0.270798583984375,-0.6764068603515625,-0.260498046875,-0.311279296875
1782969326679724500,0.280724609375,-1.107879638671875,-0.3305206298828125,-0.32684326171875
1782969326689650400,0.290650390625,-1.8643798828125,-0.298553466796875,-0.417877197265625
1782969326699577600,0.30057763671875,-2.8419189453125,-0.2365570068359375,-0.468048095703125
1782969326709503500,0.31050341796875,-3.923095703125,-0.1737518310546875,-0.5277557373046875
1782969326719429400,0.320429443359375,-4.7921600341796875,-0.0964508056640625,-0.673065185546875
1782969326729355500,0.33035546875,-5.2242279052734375,-0.0831451416015625,-0.891510009765625
1782969326739283500,0.340283447265625,-5.1314697265625,-0.1965789794921875,-1.1241912841796875
1782969326749209300,0.350209228515625,-4.6158905029296875,-0.4092254638671875,-1.347076416015625
1782969326759135500,0.360135498046875,-3.8570556640625,-0.5935821533203125,-1.517913818359375
1782969326769061600,0.3700615234375,-3.1122283935546875,-0.71209716796875,-1.5108184814453125
1782969326778987500,0.379987548828125,-2.5825042724609375,-0.701751708984375,-1.36053466796875
1782969326788914400,0.38991455078125,-2.1466217041015625,-0.5875091552734375,-1.09149169921875
1782969326798840600,0.399840576171875,-1.7174835205078125,-0.453521728515625,-0.7890625
1782969326808766500,0.409766357421875,-1.3696441650390625,-0.3195037841796875,-0.5240325927734375
1782969326818692400,0.4196923828125,-1.0733489990234375,-0.2018585205078125,-0.3084564208984375
1782969326828618500,0.429618408203125,-0.7957000732421875,-0.10357666015625,-0.1475982666015625
1782969326838545700,0.439545654296875,-0.54913330078125,-0.0381622314453125,-0.0470733642578125
1782969326848471300,0.44947119140625,-0.34686279296875,0.00836181640625,0.01129150390625
1782969326858397400,0.4593974609375,-0.18353271484375,0.0335540771484375,0.03759765625
1782969326868323600,0.469323486328125,-0.053131103515625,0.0511474609375,0.0035400390625
1782969326878250200,0.479250244140625,0.05548095703125,0.0578155517578125,-0.069580078125
1782969326888176400,0.48917626953125,0.147064208984375,0.0674896240234375,-0.160186767578125
1782969326898102500,0.4991025390625,0.2501373291015625,0.0986480712890625,-0.2222747802734375
1782969326908028400,0.5090283203125,0.39044189453125,0.16705322265625,-0.2237548828125
1782969326917954600,0.51895458984375,0.5505218505859375,0.2091217041015625,-0.2064666748046875
1782969326927881500,0.528881591796875,0.7951507568359375,0.1831512451171875,-0.132354736328125
1782969326937807600,0.5388076171875,1.172821044921875,0.1332855224609375,-0.056976318359375
1782969326947733500,0.5487333984375,1.5983123779296875,0.0823211669921875,0.037109375
1782969326957659400,0.558659423828125,1.965240478515625,0.0856475830078125,0.0308074951171875
1782969326967586600,0.568586669921875,2.1583099365234375,-0.029815673828125,0.1324310302734375
1782969326977512400,0.578512451171875,1.9089508056640625,-0.00775146484375,0.0379638671875
1782969326987438300,0.588438232421875,1.4703369140625,0.0944976806640625,-0.104461669921875
1782969326997364500,0.598364501953125,1.05621337890625,0.1997222900390625,-0.036224365234375
1782969327007290400,0.608290283203125,0.50323486328125,0.33245849609375,0.2447509765625
1782969327017217300,0.61821728515625,0.5633087158203125,0.41815185546875,0.2311859130859375
1782969327027143400,0.628143310546875,0.3218994140625,0.3806915283203125,0.3212738037109375
1782969327037069600,0.638069580078125,0.2024078369140625,0.330810546875,0.2592620849609375
1782969327046995500,0.647995361328125,0.1417083740234375,0.2496185302734375,0.1623992919921875
1782969327056922400,0.65792236328125,0.0841522216796875,0.1471405029296875,0.0388641357421875
1782969327066848500,0.6678486328125,0.016326904296875,0.04632568359375,-0.109954833984375
1782969327076774400,0.6777744140625,-0.0756378173828125,-0.089019775390625,-0.26275634765625
1782969327086700500,0.687700439453125,-0.3337860107421875,-0.2313385009765625,-0.42803955078125
1782969327096626400,0.69762646484375,-0.7935638427734375,-0.399444580078125,-0.3143310546875
1782969327106553600,0.7075537109375,-1.5725860595703125,-0.3136444091796875,-0.2788543701171875
1782969327116479500,0.7174794921875,-2.5482177734375,-0.1500701904296875,-0.274749755859375
1782969327126405400,0.7274052734375,-3.55633544921875,-0.1756591796875,-0.2939300537109375
1782969327136331500,0.73733154296875,-4.4617156982421875,-0.260284423828125,-0.4268035888671875
1782969327146258400,0.747258544921875,-5.1645660400390625,-0.3606719970703125,-0.7295684814453125
1782969327156184300,0.757184326171875,-5.6172027587890625,-0.432586669921875,-0.978790283203125
1782969327166110500,0.7671103515625,-5.6847686767578125,-0.37335205078125,-1.1995391845703125
1782969327176036400,0.777036376953125,-5.3395843505859375,-0.30810546875,-1.3561859130859375
1782969327185962500,0.78696240234375,-4.61785888671875,-0.3528900146484375,-1.363250732421875
1782969327195889400,0.796889404296875,-3.733917236328125,-0.3465576171875,-1.3651580810546875
1782969327205815600,0.806815673828125,-2.8813934326171875,-0.3265533447265625,-1.2844085693359375
1782969327215741400,0.816741455078125,-2.201171875,-0.30499267578125,-1.1376800537109375
1782969327225667600,0.82666748046875,-1.7579803466796875,-0.2288055419921875,-0.97137451171875
1782969327235594500,0.836594482421875,-1.4710693359375,-0.111297607421875,-0.7615966796875
1782969327245520400,0.846520263671875,-1.2470855712890625,0.004150390625,-0.54400634765625
1782969327255446500,0.856446533203125,-1.052154541015625,0.0987091064453125,-0.370452880859375
1782969327265372400,0.866372314453125,-0.86602783203125,0.1540374755859375,-0.2468414306640625
1782969327275298300,0.87629833984375,-0.680450439453125,0.18353271484375,-0.163330078125
1782969327285225500,0.8862255859375,-0.504547119140625,0.1998748779296875,-0.1063995361328125
1782969327295151400,0.8961513671875,-0.33868408203125,0.2026214599609375,-0.0679168701171875
1782969327305077500,0.906077392578125,-0.1934967041015625,0.2102203369140625,-0.03662109375
1782969327315003400,0.91600341796875,-0.0637664794921875,0.211578369140625,-0.0227203369140625
1782969327324930300,0.925930419921875,0.06182861328125,0.210540771484375,-0.017669677734375
1782969327334856400,0.9358564453125,0.177398681640625,0.2073211669921875,-0.0016937255859375
1782969327344782300,0.9457822265625,0.297332763671875,0.1961822509765625,0.0084991455078125
1782969327354708500,0.95570849609375,0.4221343994140625,0.180419921875,0.0341339111328125
1782969327364634600,0.965634521484375,0.5460052490234375,0.1526336669921875,0.060028076171875
1782969327374561500,0.9755615234375,0.65093994140625,0.133056640625,0.0670928955078125
1782969327384487400,0.9854873046875,0.723480224609375,0.1276397705078125,0.078338623046875
1782969327394413600,0.99541357421875,0.7566986083984375,0.1193695068359375,0.0829315185546875
1782969327404339500,1.00533935546875,0.7495574951171875,0.1217193603515625,0.0802459716796875
1782969327414266400,1.015266357421875,0.70556640625,0.11627197265625,0.082000732421875
1782969327424192500,1.025192626953125,0.657196044921875,0.1013946533203125,0.077239990234375
1782969327434118400,1.035118408203125,0.6165771484375,0.074554443359375,0.06488037109375
1782969327444044300,1.045044189453125,0.5894775390625,0.0348968505859375,0.0633087158203125
1782969327453970400,1.054970458984375,0.57440185546875,-0.005279541015625,0.06072998046875
1782969327463897300,1.0648974609375,0.5250701904296875,-0.0425262451171875,0.0432586669921875
1782969327473823500,1.074823486328125,0.4681854248046875,-0.0844268798828125,0.0478363037109375
1782969327483749400,1.084749267578125,0.4335174560546875,-0.0910797119140625,0.0520782470703125
1782969327493675500,1.094675537109375,0.3934478759765625,-0.0738983154296875,0.066802978515625
1782969327503602400,1.1046025390625,0.318939208984375,-0.0653228759765625,0.0811004638671875
1782969327513528300,1.1145283203125,0.198516845703125,-0.08819580078125,0.0284576416015625
1782969327523454500,1.124454345703125,0.0271453857421875,-0.1623077392578125,-0.095916748046875
1782969327533380600,1.134380615234375,-0.123809814453125,-0.2902374267578125,-0.172698974609375
1782969327543306200,1.14430615234375,-0.2336578369140625,-0.369476318359375,-0.2085723876953125
1782969327553233400,1.1542333984375,-0.42974853515625,-0.439788818359375,-0.260650634765625
1782969327563159600,1.16415966796875,-0.8676605224609375,-0.5295562744140625,-0.2643585205078125
1782969327573085400,1.17408544921875,-1.5590667724609375,-0.49658203125,-0.285430908203125
1782969327583011300,1.18401123046875,-2.5553741455078125,-0.287750244140625,-0.363861083984375
1782969327592937500,1.1939375,-3.665130615234375,-0.162017822265625,-0.48138427734375
1782969327602864400,1.203864501953125,-4.6746063232421875,-0.2335968017578125,-0.813079833984375
1782969327612790500,1.21379052734375,-5.557952880859375,-0.3155517578125,-1.4269256591796875
1782969327622716400,1.22371630859375,-5.953399658203125,-0.3452911376953125,-2.04119873046875
1782969327632642600,1.233642578125,-5.60931396484375,-0.4319610595703125,-2.4202423095703125
1782969327642569500,1.243569580078125,-4.65594482421875,-0.531768798828125,-2.457916259765625
1782969327652495400,1.253495361328125,-3.478851318359375,-0.5431671142578125,-2.134307861328125
1782969327662421500,1.26342138671875,-2.4389801025390625,-0.4451141357421875,-1.65960693359375
1782969327672347600,1.27334765625,-1.78253173828125,-0.3115386962890625,-1.206939697265625
1782969327682273300,1.283273193359375,-1.4744873046875,-0.1760711669921875,-0.8390045166015625
1782969327692200400,1.293200439453125,-1.2751922607421875,-0.061981201171875,-0.536773681640625
1782969327702126600,1.303126708984375,-1.0640869140625,0.034637451171875,-0.2936553955078125
1782969327712052500,1.313052490234375,-0.8537750244140625,0.1145782470703125,-0.1129150390625
1782969327721978400,1.322978271484375,-0.6629638671875,0.1545562744140625,0.0067901611328125
1782969327731905500,1.332905517578125,-0.5110321044921875,0.158905029296875,0.04974365234375
1782969327741831400,1.34283154296875,-0.390350341796875,0.1553802490234375,0.03680419921875
1782969327751757600,1.352757568359375,-0.291473388671875,0.1595611572265625,0.0235748291015625
1782969327761683500,1.362683349609375,-0.198516845703125,0.1540679931640625,0.013824462890625
1782969327771609600,1.372609619140625,-0.098175048828125,0.1337738037109375,-0.0134124755859375
1782969327781536500,1.38253662109375,0.0057373046875,0.11383056640625,-0.027984619140625
1782969327791462400,1.39246240234375,0.0965423583984375,0.099365234375,-0.0367279052734375
1782969327801388500,1.402388427734375,0.1713714599609375,0.076171875,-0.01690673828125
1782969327811314700,1.412314697265625,0.2341766357421875,0.067230224609375,0.02587890625
1782969327821241600,1.42224169921875,0.2861328125,0.072113037109375,0.0692138671875
1782969327831167500,1.43216748046875,0.327484130859375,0.0723114013671875,0.096588134765625
1782969327841093600,1.44209375,0.3580780029296875,0.0764617919921875,0.1198272705078125
1782969327851019500,1.45201953125,0.3729248046875,0.0850982666015625,0.14605712890625
1782969327860945400,1.4619453125,0.376220703125,0.0936431884765625,0.1599884033203125
1782969327870872600,1.47187255859375,0.3703765869140625,0.0950469970703125,0.150115966796875
1782969327880798500,1.481798583984375,0.376495361328125,0.079376220703125,0.14111328125
1782969327890724400,1.491724365234375,0.4028472900390625,0.0597991943359375,0.14837646484375
1782969327900650500,1.501650390625,0.4491729736328125,0.027374267578125,0.1592559814453125
1782969327910577400,1.511577392578125,0.5133819580078125,0.0005340576171875,0.168121337890625
1782969327920503600,1.521503662109375,0.5453643798828125,-0.0039215087890625,0.1461639404296875
1782969327930429400,1.531429443359375,0.5222625732421875,-0.017181396484375,0.1151275634765625
1782969327940355600,1.54135546875,0.47705078125,-0.0940704345703125,0.1292572021484375
1782969327950281700,1.55128173828125,0.419525146484375,-0.0804901123046875,0.061248779296875
1782969327960208400,1.56120849609375,0.3443145751953125,-0.051788330078125,0.0577392578125
1782969327970134500,1.571134521484375,0.2546539306640625,-0.0400543212890625,0.0708465576171875
1782969327980060700,1.581060791015625,0.1827850341796875,-0.0510406494140625,0.0492706298828125
1782969327989986300,1.590986328125,0.0907745361328125,-0.0733184814453125,-0.0166168212890625
1782969327999912400,1.600912353515625,-0.0497283935546875,-0.1106719970703125,-0.0684356689453125
1782969328009839600,1.610839599609375,-0.2799224853515625,-0.15045166015625,-0.081817626953125
1782969328019765500,1.620765625,-0.72283935546875,-0.16473388671875,-0.133209228515625
1782969328029691400,1.63069140625,-1.5108489990234375,-0.1333160400390625,-0.2657928466796875
1782969328039617500,1.640617431640625,-2.6832122802734375,-0.0711212158203125,-0.4889678955078125
1782969328049544400,1.65054443359375,-4.113800048828125,0.0298004150390625,-0.9159088134765625
1782969328059470300,1.66047021484375,-5.3786163330078125,0.1318817138671875,-1.54315185546875
1782969328069396500,1.670396484375,-5.879119873046875,0.05841064453125,-2.1245574951171875
1782969328079322600,1.680322509765625,-5.5153045654296875,-0.17474365234375,-2.5905609130859375
1782969328089248500,1.69024853515625,-4.679290771484375,-0.489837646484375,-2.762969970703125
1782969328099175400,1.700175537109375,-3.768951416015625,-0.602325439453125,-2.634490966796875
1782969328109101600,1.7101015625,-2.8599090576171875,-0.563934326171875,-2.1886444091796875
1782969328119027700,1.72002783203125,-2.149566650390625,-0.427032470703125,-1.5872802734375
1782969328128953300,1.729953369140625,-1.740814208984375,-0.2564697265625,-1.046783447265625
1782969328138880500,1.739880615234375,-1.5489044189453125,-0.088531494140625,-0.6298828125
1782969328148806700,1.749806640625,-1.419158935546875,0.060272216796875,-0.30810546875
1782969328158732300,1.759732177734375,-1.259521484375,0.162445068359375,-0.0445098876953125
1782969328168658400,1.769658447265625,-1.0959014892578125,0.2158966064453125,0.1337890625
1782969328178584600,1.77958447265625,-0.9384002685546875,0.228179931640625,0.2166290283203125
1782969328188511500,1.789511474609375,-0.7656402587890625,0.2143096923828125,0.225494384765625
1782969328198437400,1.799437255859375,-0.5911102294921875,0.178955078125,0.1681365966796875
1782969328208363500,1.809363525390625,-0.425537109375,0.126312255859375,0.057647705078125
1782969328218289700,1.81928955078125,-0.253570556640625,0.0859832763671875,-0.0532989501953125
1782969328228215600,1.829215576171875,-0.092864990234375,0.0609588623046875,-0.1259613037109375
1782969328238142500,1.839142578125,0.0276947021484375,0.0321197509765625,-0.211395263671875
1782969328248068600,1.849068603515625,0.1112213134765625,0.002410888671875,-0.254364013671875
1782969328257994500,1.858994384765625,0.1873321533203125,-0.001007080078125,-0.2177886962890625
1782969328267920400,1.86892041015625,0.2601470947265625,0.028411865234375,-0.147003173828125
1782969328277847600,1.87884765625,0.306427001953125,0.0584869384765625,-0.082244873046875
1782969328287773700,1.888773681640625,0.3397064208984375,0.0727691650390625,-0.0217742919921875
1782969328297699300,1.89869921875,0.3897705078125,0.0805816650390625,0.0234222412109375
1782969328307625500,1.90862548828125,0.4504852294921875,0.0772552490234375,0.0494232177734375
1782969328317551600,1.918551513671875,0.522308349609375,0.0614776611328125,0.066864013671875
1782969328327478500,1.928478515625,0.6171875,0.050506591796875,0.092987060546875
1782969328337404400,1.938404296875,0.71710205078125,0.050567626953125,0.1147308349609375
1782969328347330600,1.94833056640625,0.7716064453125,0.0501861572265625,0.1455230712890625
1782969328357256400,1.95825634765625,0.74407958984375,0.046783447265625,0.177093505859375
1782969328367183400,1.968183349609375,0.6612091064453125,0.028961181640625,0.1755218505859375
1782969328377109500,1.978109619140625,0.5537872314453125,0.014862060546875,0.141387939453125
1782969328387035600,1.98803564453125,0.482177734375,-0.0146026611328125,0.1125335693359375
1782969328396961500,1.99796142578125,0.43621826171875,-0.0705413818359375,0.072601318359375
1782969328406887400,2.007887451171875,0.411376953125,-0.1136627197265625,0.0223388671875
1782969328416814600,2.017814697265625,0.3553924560546875,-0.098052978515625,-0.005401611328125
1782969328426740500,2.027740478515625,0.2884979248046875,-0.1020355224609375,-0.0012969970703125
1782969328436666400,2.037666259765625,0.18389892578125,-0.1341705322265625,-0.0121307373046875
1782969328446592500,2.047592529296875,0.0204315185546875,-0.19024658203125,-0.02203369140625
1782969328456518400,2.057518310546875,-0.2520599365234375,-0.237548828125,-0.024993896484375
1782969328466445600,2.067445556640625,-0.6190032958984375,-0.2552642822265625,-0.01324462890625
1782969328476371500,2.077371337890625,-1.0630645751953125,-0.2552642822265625,0.0419464111328125
1782969328486297600,2.087297607421875,-1.5389556884765625,-0.259429931640625,0.1000823974609375
1782969328496223500,2.097223388671875,-2.0528717041015625,-0.2988128662109375,0.0303497314453125
1782969328506150400,2.107150390625,-2.8067474365234375,-0.3882598876953125,-0.19287109375
1782969328516076500,2.11707666015625,-3.94549560546875,-0.4212799072265625,-0.5350799560546875
1782969328526002400,2.12700244140625,-5.111053466796875,-0.33953857421875,-1.0089263916015625
1782969328535928600,2.136928466796875,-5.75054931640625,-0.2614288330078125,-1.459320068359375
1782969328545854500,2.1468544921875,-5.775299072265625,-0.1966705322265625,-1.8350830078125
1782969328555781600,2.15678173828125,-5.2182464599609375,-0.13970947265625,-2.1536712646484375
1782969328565707500,2.16670751953125,-4.1540374755859375,-0.264617919921875,-2.1161041259765625
1782969328575633400,2.17663330078125,-2.978485107421875,-0.4019317626953125,-1.814453125
1782969328585559600,2.1865595703125,-2.1038970947265625,-0.411163330078125,-1.435028076171875
1782969328595486500,2.196486572265625,-1.6187896728515625,-0.3279266357421875,-1.0445709228515625
1782969328605412600,2.20641259765625,-1.3433380126953125,-0.20562744140625,-0.6816253662109375
1782969328615338500,2.21633837890625,-1.1370697021484375,-0.08935546875,-0.3910369873046875
1782969328625264400,2.226264404296875,-0.9805145263671875,-0.0107421875,-0.1709747314453125
1782969328635190500,2.2361904296875,-0.866912841796875,0.0460357666015625,-0.0387725830078125
1782969328645117400,2.246117431640625,-0.7622222900390625,0.0861663818359375,0.01361083984375
1782969328655043600,2.256043701171875,-0.66424560546875,0.102569580078125,0.01611328125
1782969328664969500,2.265969482421875,-0.5880584716796875,0.1181488037109375,0.003509521484375
1782969328674895600,2.2758955078125,-0.5300140380859375,0.1488494873046875,0.00177001953125
1782969328684821500,2.285821533203125,-0.4627838134765625,0.1710205078125,0.0020751953125
1782969328694748400,2.29574853515625,-0.3836212158203125,0.176055908203125,-0.0102081298828125
1782969328704674600,2.305674560546875,-0.292999267578125,0.16644287109375,-0.031219482421875
1782969328714600400,2.315600341796875,-0.18646240234375,0.15576171875,-0.055572509765625
1782969328724526300,2.3255263671875,-0.0809783935546875,0.13116455078125,-0.0875244140625
1782969328734453500,2.33545361328125,0.0271759033203125,0.0987548828125,-0.1024627685546875
1782969328744379000,2.34537890625,0.147552490234375,0.09136962890625,-0.0777587890625
1782969328754304800,2.3553046875,0.301300048828125,0.0944366455078125,-0.0349578857421875
1782969328764231000,2.36523095703125,0.484619140625,0.0919036865234375,-0.0034332275390625
1782969328774156800,2.37515673828125,0.662750244140625,0.0715484619140625,0.033172607421875
1782969328784084000,2.385083984375,0.76837158203125,0.081329345703125,0.012420654296875
1782969328794009900,2.395009765625,0.8597564697265625,0.02703857421875,0.0585479736328125
1782969328803935700,2.404935791015625,0.89666748046875,-0.00396728515625,0.1078338623046875
1782969328813862000,2.41486181640625,0.8515777587890625,0.037322998046875,0.0697021484375
1782969328823788000,2.4247880859375,0.761474609375,0.0327911376953125,0.035858154296875
1782969328833715000,2.43471484375,0.6790924072265625,0.0112762451171875,0.062744140625
1782969328843640800,2.444640869140625,0.6454315185546875,0.022430419921875,0.087677001953125
1782969328853567000,2.45456689453125,0.633392333984375,0.0365447998046875,0.1003265380859375
1782969328863492900,2.464492919921875,0.5881805419921875,0.072418212890625,0.1051788330078125
1782969328873420000,2.474419921875,0.48626708984375,0.108917236328125,0.1009979248046875
1782969328883346000,2.484345947265625,0.316436767578125,0.1263580322265625,0.0990142822265625
1782969328893271800,2.494271728515625,0.1394195556640625,0.1190338134765625,0.1143798828125
1782969328903197700,2.50419775390625,-0.01861572265625,0.113433837890625,0.1091461181640625
1782969328913123800,2.514123779296875,-0.1255645751953125,0.0527496337890625,0.02777099609375
1782969328923051000,2.524051025390625,-0.2421875,-0.052215576171875,-0.0979156494140625
1782969328932977000,2.533976806640625,-0.464080810546875,-0.1731109619140625,-0.2765045166015625
1782969328942902800,2.54390283203125,-0.8097686767578125,-0.3145751953125,-0.287567138671875
1782969328952829000,2.553828857421875,-1.3391265869140625,-0.3593292236328125,-0.2815399169921875
1782969328962755800,2.563755859375,-2.0264892578125,-0.2434234619140625,-0.4134063720703125
1782969328972682000,2.573681884765625,-2.9551849365234375,-0.216217041015625,-0.49468994140625
1782969328982608000,2.58360791015625,-4.1174163818359375,-0.2220916748046875,-0.7645721435546875
1782969328992534000,2.593533935546875,-4.983123779296875,-0.237030029296875,-1.2541961669921875
1782969329002459600,2.603459716796875,-5.22216796875,-0.353607177734375,-1.6889495849609375
1782969329012386800,2.61338671875,-4.9181060791015625,-0.5264434814453125,-2.01025390625
1782969329022313000,2.62331298828125,-4.2543487548828125,-0.681365966796875,-2.070220947265625
1782969329032238800,2.63323876953125,-3.5117950439453125,-0.681854248046875,-1.9262847900390625
1782969329042164700,2.643164794921875,-2.84222412109375,-0.581207275390625,-1.630218505859375
1782969329052091000,2.6530908203125,-2.28839111328125,-0.4315338134765625,-1.243804931640625
1782969329062017800,2.663017822265625,-1.877838134765625,-0.2789306640625,-0.86138916015625
1782969329071944000,2.67294384765625,-1.620147705078125,-0.1616363525390625,-0.563079833984375
1782969329081869800,2.682869873046875,-1.460174560546875,-0.0674896240234375,-0.3519134521484375
1782969329091796000,2.6927958984375,-1.3209991455078125,0.0070648193359375,-0.20538330078125
1782969329101723000,2.702722900390625,-1.1874237060546875,0.04022216796875,-0.1169281005859375
1782969329111648800,2.712648681640625,-1.0610198974609375,0.043487548828125,-0.0792388916015625
1782969329121575000,2.722574951171875,-0.9483795166015625,0.0252532958984375,-0.085479736328125
1782969329131501000,2.7325009765625,-0.8446807861328125,-0.004669189453125,-0.1241302490234375
1782969329141426700,2.7424267578125,-0.736480712890625,-0.0351715087890625,-0.1598663330078125
1782969329151353900,2.752353759765625,-0.6137237548828125,-0.0493011474609375,-0.177734375
1782969329161280000,2.762280029296875,-0.496612548828125,-0.0569305419921875,-0.1881256103515625
1782969329171206000,2.772205810546875,-0.3852386474609375,-0.058624267578125,-0.1859893798828125
1782969329181131800,2.7821318359375,-0.2796630859375,-0.044189453125,-0.1690826416015625
1782969329191058000,2.792057861328125,-0.181671142578125,-0.0203704833984375,-0.1319122314453125
1782969329200984800,2.80198486328125,-0.0984344482421875,0.0235443115234375,-0.068084716796875
1782969329210910700,2.81191064453125,-0.0442352294921875,0.07489013671875,0.0037841796875
1782969329220836900,2.8218369140625,0.017608642578125,0.1090850830078125,0.058502197265625
1782969329230763000,2.831762939453125,0.1068267822265625,0.12762451171875,0.08837890625
1782969329240690000,2.84168994140625,0.215301513671875,0.1237030029296875,0.0986175537109375
1782969329250615800,2.85161572265625,0.34173583984375,0.09698486328125,0.0930023193359375
1782969329260542000,2.8615419921875,0.47076416015625,0.067047119140625,0.0697479248046875
1782969329270468000,2.871468017578125,0.5603179931640625,0.0239105224609375,0.0202178955078125
1782969329280393700,2.881393798828125,0.605316162109375,-0.0329742431640625,-0.007293701171875
1782969329290321000,2.89132080078125,0.6177978515625,-0.037811279296875,-0.002166748046875
1782969329300247000,2.9012470703125,0.5619049072265625,-0.0082855224609375,0.026611328125
1782969329310172700,2.911172607421875,0.44927978515625,0.029632568359375,0.0637054443359375
1782969329320098800,2.921098876953125,0.3457489013671875,0.0563812255859375,0.091094970703125
1782969329330026000,2.93102587890625,0.2778167724609375,0.060516357421875,0.0990753173828125
1782969329339951900,2.940951904296875,0.23724365234375,0.065338134765625,0.094970703125
1782969329349877800,2.950877685546875,0.2022857666015625,0.0503082275390625,0.0887451171875
1782969329359804000,2.960803955078125,0.1682586669921875,0.000457763671875,0.0687408447265625
1782969329369730000,2.97072998046875,0.1497650146484375,-0.0460052490234375,0.0465850830078125
1782969329379656700,2.98065673828125,0.1254425048828125,-0.0834503173828125,0.0252685546875
1782969329389582800,2.990582763671875,0.045745849609375,-0.113739013671875,0.0085906982421875
1782969329399509000,3.000509033203125,-0.0989837646484375,-0.14031982421875,-0.0052490234375
1782969329409435000,3.010434814453125,-0.25665283203125,-0.1599884033203125,0.02099609375
1782969329419360800,3.02036083984375,-0.4568023681640625,-0.1619720458984375,0.05731201171875
1782969329429288000,3.030287841796875,-0.7862701416015625,-0.1519317626953125,0.0515289306640625
1782969329439214000,3.040214111328125,-1.2382965087890625,-0.2209014892578125,0.098052978515625
1782969329449139700,3.0501396484375,-1.93255615234375,-0.24835205078125,-0.013458251953125
1782969329459065900,3.06006591796875,-2.95513916015625,-0.2540130615234375,-0.2016143798828125
1782969329468993000,3.069992919921875,-4.0564727783203125,-0.255401611328125,-0.47918701171875
1782969329478919000,3.0799189453125,-4.8404998779296875,-0.218414306640625,-0.8814849853515625
1782969329488844800,3.0898447265625,-5.0522613525390625,-0.2957611083984375,-1.3387603759765625
1782969329498771000,3.09977099609375,-4.7226409912109375,-0.483856201171875,-1.7537078857421875
1782969329508696800,3.10969677734375,-4.07403564453125,-0.7526702880859375,-1.9440460205078125
1782969329518623700,3.119623779296875,-3.363555908203125,-0.843963623046875,-1.9208984375
1782969329528550000,3.1295498046875,-2.728363037109375,-0.7728729248046875,-1.6260223388671875
1782969329538476000,3.13947607421875,-2.2475433349609375,-0.5900421142578125,-1.178985595703125
1782969329548402000,3.14940185546875,-1.952117919921875,-0.375946044921875,-0.7387542724609375
1782969329558327800,3.159327880859375,-1.816497802734375,-0.1943817138671875,-0.3738861083984375
1782969329568255000,3.1692548828125,-1.7611083984375,-0.0561981201171875,-0.1372833251953125
1782969329578180900,3.179180908203125,-1.6789398193359375,0.04693603515625,-0.0081787109375
1782969329588106800,3.189106689453125,-1.5340118408203125,0.1114959716796875,0.0489044189453125
1782969329598033000,3.199032958984375,-1.34295654296875,0.1406097412109375,0.0361175537109375
1782969329607960000,3.2089599609375,-1.1338653564453125,0.14410400390625,-0.027069091796875
1782969329617886000,3.218885986328125,-0.9198150634765625,0.1299285888671875,-0.102264404296875
1782969329627811800,3.228811767578125,-0.714202880859375,0.1010589599609375,-0.1922454833984375
1782969329637738000,3.238738037109375,-0.5172882080078125,0.0735626220703125,-0.2690887451171875
1782969329647663900,3.248663818359375,-0.3098297119140625,0.0719757080078125,-0.27606201171875
1782969329657590800,3.2585908203125,-0.089263916015625,0.094085693359375,-0.2221832275390625
1782969329667517000,3.268516845703125,0.112579345703125,0.1355133056640625,-0.1486053466796875
1782969329677442800,3.27844287109375,0.2978668212890625,0.175811767578125,-0.06622314453125
1782969329687369000,3.288368896484375,0.463958740234375,0.2080535888671875,0.0128173828125
1782969329697294800,3.298294921875,0.5963134765625,0.2304840087890625,0.07733154296875
1782969329707222000,3.308221923828125,0.7002716064453125,0.236083984375,0.1307220458984375
1782969329717148000,3.31814794921875,0.7863922119140625,0.2371673583984375,0.188873291015625
1782969329727073800,3.32807373046875,0.848480224609375,0.232513427734375,0.230316162109375
1782969329737000000,3.338,0.8827972412109375,0.2201080322265625,0.221466064453125
1782969329746927000,3.347927001953125,0.8699188232421875,0.19744873046875,0.165771484375
1782969329756853000,3.35785302734375,0.8448028564453125,0.1632080078125,0.1139373779296875
1782969329766779100,3.367779052734375,0.80645751953125,0.151123046875,0.0811004638671875
1782969329776705000,3.377705078125,0.73699951171875,0.1424560546875,0.0600433349609375
1782969329786631200,3.387631103515625,0.6450958251953125,0.1326141357421875,0.0433502197265625
1782969329796558000,3.39755810546875,0.5584259033203125,0.1057891845703125,0.032135009765625
1782969329806484200,3.407484130859375,0.4844818115234375,0.0832366943359375,0.020416259765625
1782969329816410000,3.41741015625,0.38360595703125,0.04901123046875,0.000732421875
1782969329826336300,3.427336181640625,0.2820587158203125,0.011566162109375,-0.02117919921875
1782969329836262100,3.43726220703125,0.2048187255859375,-0.0098876953125,-0.0214080810546875
1782969329846189000,3.44718896484375,0.146331787109375,-0.0205535888671875,-0.0538330078125
1782969329856115200,3.457115234375,0.036102294921875,-0.0299224853515625,-0.1131744384765625
1782969329866041000,3.467041015625,-0.164703369140625,-0.1324615478515625,-0.108673095703125
1782969329875967000,3.476967041015625,-0.4938201904296875,-0.209808349609375,-0.1526641845703125
1782969329885894100,3.48689404296875,-1.04119873046875,-0.2229461669921875,-0.2215576171875
1782969329895820000,3.496820068359375,-1.8603057861328125,-0.2008514404296875,-0.267333984375
1782969329905746200,3.50674609375,-2.8795166015625,-0.139495849609375,-0.3125457763671875
1782969329915672000,3.516672119140625,-3.8890228271484375,-0.041534423828125,-0.5214385986328125
1782969329925598200,3.52659814453125,-4.5898590087890625,-0.019500732421875,-0.9197540283203125
1782969329935525000,3.536525146484375,-4.8811492919921875,-0.1512451171875,-1.4553985595703125
1782969329945451000,3.546450927734375,-4.819122314453125,-0.4427642822265625,-2.075103759765625
1782969329955377200,3.556377197265625,-4.5110321044921875,-0.7373046875,-2.519561767578125
1782969329965303300,3.56630322265625,-3.9986724853515625,-0.870025634765625,-2.6044158935546875
1782969329975229000,3.57622900390625,-3.3992767333984375,-0.8143157958984375,-2.33599853515625
1782969329985156000,3.586156005859375,-2.8553009033203125,-0.6468963623046875,-1.8421630859375
1782969329995082200,3.596082275390625,-2.40240478515625,-0.438385009765625,-1.272979736328125
1782969330005008100,3.606008056640625,-2.04058837890625,-0.2606964111328125,-0.7548980712890625
1782969330014934000,3.61593408203125,-1.7465972900390625,-0.129913330078125,-0.3545379638671875
1782969330024861200,3.625861083984375,-1.501556396484375,-0.0604248046875,-0.0921173095703125
1782969330034787000,3.635787109375,-1.2741851806640625,-0.039215087890625,0.0459442138671875
1782969330044713000,3.645712890625,-1.062652587890625,-0.0445098876953125,0.083831787109375
1782969330054639000,3.65563916015625,-0.8719024658203125,-0.0533905029296875,0.0701751708984375
1782969330064565200,3.665565185546875,-0.707611083984375,-0.06201171875,0.0261077880859375
1782969330074492200,3.6754921875,-0.5486297607421875,-0.09002685546875,-0.0331878662109375
1782969330084418000,3.68541796875,-0.3797607421875,-0.114990234375,-0.059234619140625
1782969330094344200,3.69534423828125,-0.2054595947265625,-0.095794677734375,-0.0485076904296875
1782969330104270300,3.705270263671875,-0.0374755859375,-0.0405120849609375,-0.0141143798828125
1782969330114196000,3.715196044921875,0.13531494140625,0.010406494140625,0.0324859619140625
1782969330124123100,3.725123046875,0.3319244384765625,0.048736572265625,0.0771636962890625
1782969330134049300,3.73504931640625,0.576751708984375,0.079132080078125,0.1581268310546875
1782969330143975000,3.744974853515625,0.8382720947265625,0.10076904296875,0.2396697998046875
1782969330153901000,3.754901123046875,1.074432373046875,0.13134765625,0.2896270751953125
1782969330163828200,3.764828125,1.22314453125,0.171539306640625,0.2976531982421875
1782969330173754000,3.774754150390625,1.211883544921875,0.15814208984375,0.2428436279296875
1782969330183680000,3.784679931640625,1.0325164794921875,0.1075439453125,0.1833038330078125
1782969330193606100,3.794606201171875,0.825714111328125,0.0765838623046875,0.128662109375
1782969330203532300,3.8045322265625,0.678466796875,0.0530853271484375,0.0927581787109375
1782969330213459000,3.814458984375,0.5640716552734375,0.0126190185546875,0.0933685302734375
1782969330223385000,3.824385009765625,0.47662353515625,-0.008636474609375,0.10760498046875
1782969330233311200,3.834311279296875,0.4246368408203125,-0.001251220703125,0.1273651123046875
1782969330243237000,3.844237060546875,0.39251708984375,0.008819580078125,0.1552886962890625
1782969330253163000,3.8541630859375,0.3464813232421875,0.0133819580078125,0.1777496337890625
1782969330263090200,3.864090087890625,0.2777862548828125,0.02105712890625,0.1796417236328125
1782969330273016300,3.874016357421875,0.1861724853515625,0.015350341796875,0.14886474609375
1782969330282942000,3.88394189453125,0.0967254638671875,-0.031829833984375,0.114471435546875
1782969330292868000,3.8938681640625,0.048095703125,-0.1002960205078125,0.0688629150390625
1782969330302794200,3.903794189453125,0.0202178955078125,-0.1884307861328125,0.010772705078125
1782969330312721000,3.913720947265625,-0.0377349853515625,-0.259735107421875,-0.0305938720703125
1782969330322647000,3.92364697265625,-0.1510009765625,-0.3017425537109375,-0.075775146484375
1782969330332573200,3.9335732421875,-0.43170166015625,-0.2830047607421875,-0.124969482421875
1782969330342499000,3.9434990234375,-1.0249176025390625,-0.20391845703125,-0.2149810791015625
1782969330352426000,3.953426025390625,-1.8985137939453125,-0.09185791015625,-0.3531951904296875
1782969330362352000,3.96335205078125,-2.8713836669921875,0.00506591796875,-0.452911376953125
1782969330372278300,3.9732783203125,-3.8488922119140625,0.0909576416015625,-0.711822509765625
1782969330382202000,3.9832021484375,-4.5658721923828125,0.12451171875,-1.2145843505859375
1782969330392128300,3.993128173828125,-4.9826507568359375,0.032073974609375,-2.0370025634765625
1782969330402054100,4.00305419921875,-4.9027099609375,-0.0894927978515625,-2.8378448486328125
1782969330411980000,4.01297998046875,-4.4295654296875,-0.39056396484375,-3.0196533203125
1782969330421907200,4.0229072265625,-3.885101318359375,-0.42230224609375,-2.8018951416015625
1782969330431833000,4.0328330078125,-3.3917999267578125,-0.262725830078125,-2.3630523681640625
1782969330441759200,4.04275927734375,-2.939422607421875,-0.0812835693359375,-1.763336181640625
1782969330451685000,4.05268505859375,-2.4824371337890625,0.0978546142578125,-1.17047119140625
1782969330461612300,4.0626123046875,-2.078887939453125,0.2045440673828125,-0.70367431640625
1782969330471538200,4.0725380859375,-1.7115936279296875,0.2330322265625,-0.3639678955078125
1782969330481464000,4.082464111328125,-1.3969879150390625,0.2343902587890625,-0.1410064697265625
1782969330491390200,4.09239013671875,-1.127288818359375,0.2270050048828125,0.0028533935546875
1782969330501316000,4.102316162109375,-0.883636474609375,0.21197509765625,0.06103515625
1782969330511243000,4.112242919921875,-0.6719512939453125,0.1798553466796875,0.05999755859375
1782969330521169200,4.122169189453125,-0.4866790771484375,0.1394195556640625,0.029815673828125
1782969330531095000,4.132094970703125,-0.3197479248046875,0.1090545654296875,-0.01214599609375
1782969330541021200,4.142021240234375,-0.16412353515625,0.0673828125,-0.0503692626953125
1782969330550948000,4.151947998046875,-0.02105712890625,0.0139312744140625,-0.0837860107421875
1782969330560874200,4.161874267578125,0.148712158203125,-0.0258941650390625,-0.08050537109375
1782969330570800000,4.171800048828125,0.36260986328125,-0.0410003662109375,-0.0063934326171875
1782969330580726300,4.181726318359375,0.57073974609375,-0.0333709716796875,0.0761260986328125
1782969330590652200,4.191652099609375,0.6946868896484375,-0.017059326171875,0.1465911865234375
1782969330600579000,4.2015791015625,0.7366943359375,0.003692626953125,0.1917572021484375
1782969330610505200,4.211505126953125,0.72894287109375,0.0341339111328125,0.2010650634765625
1782969330620431000,4.22143115234375,0.7012481689453125,0.073974609375,0.1918182373046875
1782969330630357000,4.23135693359375,0.680145263671875,0.10369873046875,0.1848297119140625
1782969330640283100,4.241283203125,0.6557159423828125,0.11651611328125,0.1773223876953125
1782969330650210000,4.2512099609375,0.61444091796875,0.1263427734375,0.1622161865234375
1782969330660136200,4.26113623046875,0.587799072265625,0.127044677734375,0.1450347900390625
1782969330670062000,4.27106201171875,0.5813751220703125,0.105133056640625,0.119537353515625
1782969330679988200,4.28098828125,0.585296630859375,0.0726470947265625,0.100250244140625
1782969330689914000,4.2909140625,0.5914764404296875,0.021087646484375,0.0688934326171875
1782969330699841000,4.300841064453125,0.6029052734375,-0.0500030517578125,0.0147247314453125
1782969330709767200,4.31076708984375,0.6000823974609375,-0.1283416748046875,-0.0213775634765625
1782969330719693000,4.320693115234375,0.5667266845703125,-0.1814117431640625,-0.0295562744140625
1782969330729619000,4.330618896484375,0.4777984619140625,-0.1915283203125,-0.0439453125
1782969330739546000,4.340546142578125,0.3809356689453125,-0.1805572509765625,-0.031036376953125
1782969330749472000,4.350471923828125,0.2531890869140625,-0.158447265625,0.00091552734375
1782969330759397600,4.360397705078125,0.025604248046875,-0.1761627197265625,0.0040283203125
1782969330769323800,4.37032373046875,-0.3261260986328125,-0.2155303955078125,-0.0257568359375
1782969330779250000,4.38025,-0.877227783203125,-0.2360382080078125,-0.0961456298828125
1782969330789176800,4.3901767578125,-1.597747802734375,-0.2977142333984375,-0.2216644287109375
1782969330799102700,4.400102783203125,-2.382049560546875,-0.3371734619140625,-0.3875732421875
1782969330809028900,4.41002880859375,-3.2110443115234375,-0.287994384765625,-0.610260009765625
1782969330818955000,4.419955078125,-3.911376953125,-0.22991943359375,-0.907684326171875
1782969330828881000,4.429880859375,-4.3444061279296875,-0.2392730712890625,-1.2508087158203125
1782969330838807800,4.439807861328125,-4.7167510986328125,-0.1934814453125,-1.5494842529296875
1782969330848734000,4.44973388671875,-4.91595458984375,-0.1027679443359375,-1.7264862060546875
1782969330858659800,4.459659912109375,-4.6832275390625,0.126220703125,-1.8836669921875
1782969330868585700,4.469585693359375,-3.9732513427734375,0.1576080322265625,-1.75189208984375
1782969330878511900,4.479511962890625,-3.0843963623046875,0.0089569091796875,-1.4796142578125
1782969330888439000,4.48943896484375,-2.4178619384765625,-0.0280914306640625,-1.3261566162109375
1782969330898364700,4.49936474609375,-2.00653076171875,-0.045867919921875,-1.133392333984375
1782969330908290800,4.509290771484375,-1.72808837890625,-0.013427734375,-0.8799285888671875
1782969330918217000,4.519217041015625,-1.511199951171875,0.0550689697265625,-0.611053466796875
1782969330928143600,4.5291435546875,-1.3651580810546875,0.115081787109375,-0.36767578125
1782969330938069800,4.53906982421875,-1.2796630859375,0.14056396484375,-0.21234130859375
1782969330947996000,4.548995849609375,-1.1928558349609375,0.1350250244140625,-0.1392822265625
1782969330957921800,4.558921875,-1.084991455078125,0.098663330078125,-0.1279144287109375
1782969330967848000,4.568847900390625,-0.956695556640625,0.0556488037109375,-0.1395721435546875
1782969330977774800,4.57877490234375,-0.8174896240234375,0.0111541748046875,-0.1726837158203125
1782969330987701000,4.588700927734375,-0.67120361328125,-0.052490234375,-0.2164459228515625
1782969330997627000,4.598626953125,-0.5069580078125,-0.109710693359375,-0.22906494140625
1782969331007552800,4.608552734375,-0.335693359375,-0.1368865966796875,-0.22119140625
1782969331017479000,4.61847900390625,-0.1357574462890625,-0.1388397216796875,-0.1474609375
1782969331027405800,4.62840576171875,0.085479736328125,-0.125701904296875,-0.0227203369140625
1782969331037331700,4.638331787109375,0.246337890625,-0.116180419921875,0.081207275390625
1782969331047257900,4.6482578125,0.3223724365234375,-0.111480712890625,0.149688720703125
1782969331057183700,4.658183837890625,0.355804443359375,-0.10540771484375,0.1901092529296875
1782969331067110000,4.66810986328125,0.3714141845703125,-0.10107421875,0.2139129638671875
1782969331077036800,4.678036865234375,0.378021240234375,-0.088897705078125,0.2218780517578125
1782969331086963000,4.687962890625,0.3780670166015625,-0.0631256103515625,0.2153778076171875
1782969331096888800,4.697888916015625,0.3686676025390625,-0.0374603271484375,0.2177734375
1782969331106815000,4.70781494140625,0.34765625,-0.0156707763671875,0.2148590087890625
1782969331116742000,4.717741943359375,0.3214111328125,0.0001678466796875,0.1960906982421875
1782969331126667800,4.727667724609375,0.28564453125,0.01971435546875,0.1567230224609375
1782969331136594000,4.737593994140625,0.2362213134765625,0.0308380126953125,0.0751953125
1782969331146519800,4.747519775390625,0.2064056396484375,-0.0093994140625,0.0098419189453125
1782969331156445700,4.75744580078125,0.2858734130859375,-0.045013427734375,-0.0144195556640625
1782969331166372900,4.767372802734375,0.4529571533203125,-0.056793212890625,-0.036102294921875
1782969331176298800,4.777298828125,0.5555877685546875,-0.07025146484375,-0.0400848388671875
1782969331186225000,4.787224853515625,0.5609588623046875,-0.0502471923828125,-0.0320587158203125
1782969331196150800,4.79715087890625,0.5301666259765625,0.015655517578125,-0.027557373046875
1782969331206077000,4.807076904296875,0.486724853515625,0.076751708984375,-0.002838134765625
1782969331216003800,4.81700390625,0.4282989501953125,0.1301727294921875,0.0115966796875
1782969331225929700,4.8269296875,0.378143310546875,0.1843719482421875,-0.0103912353515625
1782969331235856000,4.83685595703125,0.302764892578125,0.1977386474609375,-0.0488433837890625
1782969331245782000,4.846781982421875,0.156005859375,0.1923065185546875,-0.1076507568359375
1782969331255709000,4.856708984375,-0.162322998046875,0.1493988037109375,-0.228759765625
1782969331265634800,4.866634765625,-0.7619171142578125,0.0748443603515625,-0.385040283203125
1782969331275561000,4.87656103515625,-1.70904541015625,0.1084136962890625,-0.6259307861328125
1782969331285486800,4.88648681640625,-2.9282989501953125,0.2659912109375,-1.02691650390625
1782969331295412700,4.896412841796875,-4.17840576171875,0.287841796875,-1.635009765625
1782969331305340000,4.90633984375,-5.2010498046875,0.13720703125,-2.3144683837890625
1782969331315265800,4.916265869140625,-5.6394195556640625,-0.0782318115234375,-2.7886505126953125
1782969331325191700,4.926191650390625,-5.202239990234375,-0.3058013916015625,-2.9985504150390625
1782969331335117800,4.936117919921875,-4.3308258056640625,-0.62774658203125,-2.78558349609375
1782969331345044000,4.9460439453125,-3.5158233642578125,-0.711944580078125,-2.345947265625
1782969331354971000,4.955970947265625,-2.8322296142578125,-0.590972900390625,-1.7073974609375
1782969331364896800,4.965896728515625,-2.277099609375,-0.3754119873046875,-1.019683837890625
1782969331374823000,4.975822998046875,-1.8055572509765625,-0.1761932373046875,-0.482330322265625
1782969331384749000,4.9857490234375,-1.444305419921875,-0.0784912109375,-0.12677001953125
1782969331394674700,4.9956748046875,-1.1932220458984375,-0.0455780029296875,0.0614166259765625
1782969331404601900,5.005601806640625,-1.0072479248046875,-0.0446014404296875,0.12542724609375
1782969331414528000,5.015528076171875,-0.839813232421875,-0.046661376953125,0.10992431640625
1782969331424453600,5.02545361328125,-0.6729888916015625,-0.0458526611328125,0.0654754638671875
1782969331434379800,5.0353798828125,-0.51837158203125,-0.0536651611328125,0.00640869140625
1782969331444307000,5.045306884765625,-0.379058837890625,-0.0485992431640625,-0.037322998046875
1782969331454232800,5.05523291015625,-0.25787353515625,-0.0247802734375,-0.0489501953125
1782969331464158700,5.06515869140625,-0.15570068359375,0.0025177001953125,-0.0325927734375
1782969331474084900,5.0750849609375,-0.0771942138671875,0.034423828125,-0.0082244873046875
1782969331484011000,5.085010986328125,-0.0081939697265625,0.0564727783203125,0.0244140625
1782969331493937700,5.094937744140625,0.0832977294921875,0.077392578125,0.0618438720703125
1782969331503863800,5.10486376953125,0.167236328125,0.0932464599609375,0.0852813720703125
1782969331513790000,5.1147900390625,0.22943115234375,0.1068115234375,0.1099090576171875
1782969331523715800,5.1247158203125,0.2754974365234375,0.123199462890625,0.1204071044921875
1782969331533641700,5.134641845703125,0.3209075927734375,0.1196746826171875,0.10369873046875
1782969331543569000,5.14456884765625,0.3753814697265625,0.1118927001953125,0.0576171875
1782969331553495000,5.1544951171875,0.4065704345703125,0.095245361328125,0.014251708984375
1782969331563420700,5.164420654296875,0.4345550537109375,0.0706634521484375,-0.0106658935546875
1782969331573346800,5.174346923828125,0.4552154541015625,0.0531158447265625,-0.0413055419921875
1782969331583273000,5.18427294921875,0.4681549072265625,0.027099609375,-0.0908660888671875
1782969331593199600,5.19419970703125,0.470428466796875,-0.0236358642578125,-0.14178466796875
1782969331603125800,5.204125732421875,0.4603118896484375,-0.07318115234375,-0.16546630859375
1782969331613052000,5.214052001953125,0.455078125,-0.0908355712890625,-0.1671905517578125
1782969331622977800,5.223977783203125,0.4477386474609375,-0.084136962890625,-0.143402099609375
1782969331632904000,5.233904052734375,0.4201812744140625,-0.0582427978515625,-0.106292724609375
1782969331642830800,5.243830810546875,0.34368896484375,-0.0250701904296875,-0.0848236083984375
1782969331652757000,5.253757080078125,0.2273406982421875,-0.006317138671875,-0.07659912109375
1782969331662683000,5.263682861328125,0.0960845947265625,0.0263824462890625,-0.1230621337890625
1782969331672608800,5.27360888671875,0.0112762451171875,-0.0508575439453125,-0.1094207763671875
1782969331682536000,5.283535888671875,-0.1437835693359375,-0.144500732421875,-0.1319732666015625
1782969331692461800,5.2934619140625,-0.5024566650390625,-0.1905975341796875,-0.1680755615234375
1782969331702387700,5.3033876953125,-1.1088409423828125,-0.247406005859375,-0.21624755859375
1782969331712313900,5.31331396484375,-1.8502655029296875,-0.30810546875,-0.3969573974609375
1782969331722239700,5.32323974609375,-2.790283203125,-0.3423919677734375,-0.69854736328125
1782969331732166700,5.333166748046875,-3.9426727294921875,-0.2648468017578125,-1.16839599609375
1782969331742092800,5.3430927734375,-5.0341949462890625,-0.258880615234375,-1.77783203125
1782969331752018400,5.353018310546875,-5.7134857177734375,-0.44140625,-2.3242340087890625
1782969331761944600,5.362944580078125,-5.7823028564453125,-0.6071014404296875,-2.7017974853515625
1782969331771870700,5.37287060546875,-5.198455810546875,-0.6532440185546875,-2.748443603515625
1782969331781797400,5.38279736328125,-4.1932830810546875,-0.6348114013671875,-2.4528045654296875
1782969331791723500,5.3927236328125,-3.2167205810546875,-0.532928466796875,-2.01416015625
1782969331801649700,5.402649658203125,-2.571258544921875,-0.4102783203125,-1.570098876953125
1782969331811575300,5.4125751953125,-2.1991119384765625,-0.274383544921875,-1.1576385498046875
1782969331821501400,5.42250146484375,-1.884796142578125,-0.1094970703125,-0.804718017578125
1782969331831428600,5.4324287109375,-1.5519866943359375,0.033203125,-0.5044708251953125
1782969331841354500,5.4423544921875,-1.2228851318359375,0.117279052734375,-0.28887939453125
1782969331851280400,5.4522802734375,-0.911865234375,0.155303955078125,-0.1741180419921875
1782969331861206500,5.46220654296875,-0.626708984375,0.151153564453125,-0.1223907470703125
1782969331871133400,5.472133544921875,-0.37353515625,0.1242828369140625,-0.10205078125
1782969331881059300,5.482059326171875,-0.16656494140625,0.1114959716796875,-0.0749053955078125
1782969331890985500,5.4919853515625,-0.005523681640625,0.1125640869140625,-0.0326690673828125
1782969331900911600,5.50191162109375,0.1186370849609375,0.123016357421875,0.0207366943359375
1782969331910837500,5.51183740234375,0.2103729248046875,0.1443328857421875,0.072235107421875
1782969331920764400,5.521764404296875,0.2785186767578125,0.1768798828125,0.1068267822265625
1782969331930690600,5.531690673828125,0.3234100341796875,0.2098541259765625,0.1371307373046875
1782969331940616700,5.54161669921875,0.3603973388671875,0.2222747802734375,0.1590728759765625
1782969331950542300,5.551542236328125,0.424224853515625,0.2182464599609375,0.16241455078125
1782969331960468500,5.561468505859375,0.512298583984375,0.2093505859375,0.1497955322265625
1782969331970395600,5.571395751953125,0.638153076171875,0.1966705322265625,0.153778076171875
1782969331980321300,5.5813212890625,0.7937774658203125,0.1782989501953125,0.1697540283203125
1782969331990247400,5.591247314453125,0.9118804931640625,0.179656982421875,0.1757659912109375
1782969332000173600,5.601173583984375,0.95037841796875,0.173309326171875,0.19732666015625
1782969332010099500,5.611099365234375,0.917327880859375,0.15045166015625,0.232574462890625
1782969332020026400,5.6210263671875,0.821563720703125,0.195281982421875,0.187591552734375
1782969332029952500,5.630952392578125,0.7127685546875,0.222625732421875,0.17425537109375
1782969332039878700,5.640878662109375,0.62493896484375,0.19775390625,0.179931640625
1782969332049804500,5.650804443359375,0.5873565673828125,0.1696929931640625,0.15802001953125
1782969332059730400,5.66073046875,0.6240997314453125,0.0811004638671875,0.193023681640625
1782969332069657600,5.67065771484375,0.6846466064453125,0.0318603515625,0.15960693359375
1782969332079583500,5.68058349609375,0.73736572265625,-0.0057830810546875,0.121002197265625
1782969332089509400,5.69050927734375,0.737274169921875,-0.0706634521484375,0.0648956298828125
1782969332099435500,5.700435546875,0.7001495361328125,-0.1479339599609375,0.0344390869140625
1782969332109361400,5.710361328125,0.5904388427734375,-0.142578125,-0.0045318603515625
1782969332119288300,5.720288330078125,0.463348388671875,-0.119903564453125,0.000579833984375
1782969332129214500,5.73021435546875,0.30596923828125,-0.07867431640625,0.0119781494140625
1782969332139140600,5.740140625,0.124603271484375,-0.0674591064453125,0.00927734375
1782969332149066500,5.75006640625,-0.1169586181640625,-0.0832977294921875,0.0133819580078125
1782969332158993400,5.759993408203125,-0.455322265625,-0.127655029296875,0.122406005859375
1782969332168919600,5.76991943359375,-1.0356903076171875,-0.129791259765625,0.2047119140625
1782969332178845400,5.779845458984375,-2.0061492919921875,-0.0886688232421875,0.1207275390625
1782969332188771600,5.789771484375,-3.1392974853515625,-0.150634765625,-0.142913818359375
1782969332198697500,5.799697509765625,-4.1820068359375,-0.2847747802734375,-0.6893463134765625
1782969332208624600,5.809624755859375,-5.216278076171875,-0.3631134033203125,-1.5854339599609375
1782969332218550500,5.819550537109375,-6.23052978515625,-0.4459686279296875,-2.5207061767578125
1782969332228476400,5.829476318359375,-6.66748046875,-0.5317840576171875,-3.469146728515625
1782969332238402600,5.839402587890625,-6.1835479736328125,-0.675933837890625,-3.830230712890625
1782969332248328400,5.849328369140625,-4.91741943359375,-0.7619476318359375,-3.3298187255859375
1782969332258255400,5.85925537109375,-3.453460693359375,-0.55853271484375,-2.6366729736328125
1782969332268181500,5.869181396484375,-2.3641815185546875,-0.31024169921875,-1.8957366943359375
1782969332278107400,5.879107421875,-1.7367706298828125,-0.099395751953125,-1.2555999755859375
1782969332288033500,5.889033447265625,-1.3949737548828125,0.0568084716796875,-0.7933197021484375
1782969332297959700,5.898959716796875,-1.092071533203125,0.1502685546875,-0.43658447265625
1782969332307886600,5.908886474609375,-0.7650146484375,0.19073486328125,-0.169219970703125
1782969332317812500,5.9188125,-0.4915008544921875,0.1907501220703125,0.0032501220703125
1782969332327738600,5.928738525390625,-0.3090667724609375,0.1839447021484375,0.068695068359375
1782969332337664500,5.93866455078125,-0.19598388671875,0.1798553466796875,0.0821685791015625
1782969332347590400,5.94859033203125,-0.12127685546875,0.1613006591796875,0.072296142578125
1782969332357517600,5.958517578125,-0.0920867919921875,0.1579437255859375,0.0677947998046875
1782969332367443500,5.968443359375,-0.0925445556640625,0.17034912109375,0.0725860595703125
1782969332377369300,5.978369384765625,-0.1028900146484375,0.1936798095703125,0.0843048095703125
1782969332387295500,5.98829541015625,-0.10772705078125,0.2276458740234375,0.10833740234375
1782969332397221600,5.9982216796875,-0.1064605712890625,0.25213623046875,0.1387176513671875
1782969332407148500,6.0081484375,-0.089630126953125,0.2465667724609375,0.1491546630859375
1782969332417074400,6.018074462890625,-0.0509185791015625,0.243377685546875,0.1144256591796875
1782969332427000600,6.02800048828125,0.0204315185546875,0.2434539794921875,0.0662841796875
1782969332436926700,6.0379267578125,0.126800537109375,0.2166748046875,0.0438385009765625
1782969332446853400,6.047853271484375,0.2821044921875,0.192840576171875,0.04119873046875
1782969332456779500,6.057779541015625,0.4733428955078125,0.179473876953125,0.0589141845703125
1782969332466705700,6.06770556640625,0.67779541015625,0.176910400390625,0.0918731689453125
1782969332476631300,6.07763134765625,0.8725433349609375,0.170654296875,0.1063995361328125
1782969332486557400,6.087557373046875,0.95416259765625,0.18255615234375,0.0452117919921875
1782969332496484600,6.097484619140625,0.959075927734375,0.1038818359375,0.085418701171875
1782969332506410500,6.107410400390625,0.8745574951171875,0.0761566162109375,0.0209808349609375
1782969332516336400,6.11733642578125,0.788543701171875,0.0584564208984375,-0.041351318359375
1782969332526262500,6.127262451171875,0.7227020263671875,-0.0006866455078125,-0.075347900390625
1782969332536188700,6.137188720703125,0.6956634521484375,-0.05987548828125,-0.13958740234375
1782969332546115300,6.147115234375,0.6114349365234375,-0.1069793701171875,-0.1874847412109375
1782969332556041500,6.15704150390625,0.4500732421875,-0.1558685302734375,-0.2238616943359375
1782969332565967600,6.166967529296875,0.2786407470703125,-0.18780517578125,-0.2261199951171875
1782969332575893500,6.1768935546875,0.1618194580078125,-0.1873321533203125,-0.1808319091796875
1782969332585819400,6.1868193359375,0.1617584228515625,-0.1175994873046875,-0.0684661865234375
1782969332595746600,6.19674658203125,0.274169921875,-0.0324859619140625,-0.0035400390625
1782969332605672700,6.206672607421875,0.3383331298828125,-0.00054931640625,0.082427978515625
1782969332615598300,6.216598388671875,0.0076446533203125,-0.0295562744140625,0.117919921875
1782969332625524500,6.2265244140625,-0.8793182373046875,0.0480194091796875,-0.14990234375
1782969332635450600,6.23645068359375,-2.00244140625,-0.101104736328125,-0.4680938720703125
1782969332645377300,6.246377197265625,-3.24163818359375,-0.3338775634765625,-0.809600830078125
1782969332655303400,6.256303466796875,-4.955322265625,-0.2618560791015625,-1.404449462890625
1782969332665229600,6.2662294921875,-6.54376220703125,0.0202178955078125,-2.1681671142578125
1782969332675155500,6.276155517578125,-6.9473724365234375,0.290924072265625,-2.8710479736328125
1782969332685082400,6.286082275390625,-6.071136474609375,0.018768310546875,-2.917999267578125
1782969332695008500,6.296008544921875,-4.6697845458984375,-0.270233154296875,-2.6225738525390625
1782969332704934700,6.3059345703125,-3.4022979736328125,-0.3617401123046875,-2.3115386962890625
1782969332714860500,6.315860595703125,-2.507843017578125,-0.37554931640625,-1.84417724609375
1782969332724786400,6.325786376953125,-1.883636474609375,-0.2090301513671875,-1.306243896484375
1782969332734713600,6.335713623046875,-1.432037353515625,0.0034637451171875,-0.823516845703125
1782969332744639500,6.345639404296875,-1.1405029296875,0.1451263427734375,-0.4147186279296875
1782969332754566700,6.355566650390625,-0.966766357421875,0.2133636474609375,-0.106597900390625
1782969332764492500,6.365492431640625,-0.8353271484375,0.2506866455078125,0.0783233642578125
1782969332774418700,6.375418701171875,-0.726531982421875,0.2771759033203125,0.194305419921875
1782969332784345600,6.385345703125,-0.623443603515625,0.2914581298828125,0.249664306640625
1782969332794271700,6.395271728515625,-0.522216796875,0.2929534912109375,0.241058349609375
1782969332804197600,6.40519775390625,-0.43499755859375,0.283203125,0.2150421142578125
1782969332814123500,6.41512353515625,-0.36407470703125,0.269500732421875,0.1691131591796875
1782969332824049400,6.42504931640625,-0.285186767578125,0.2335357666015625,0.1179962158203125
1782969332833976600,6.4349765625,-0.1897735595703125,0.1932373046875,0.0784912109375
1782969332843902500,6.44490234375,-0.0653839111328125,0.1597900390625,0.0358123779296875
1782969332853828600,6.45482861328125,0.0945281982421875,0.1417694091796875,0.0181427001953125
1782969332863754500,6.46475439453125,0.249755859375,0.1385955810546875,0.0239410400390625
1782969332873680600,6.4746806640625,0.40576171875,0.132080078125,0.0413665771484375
1782969332883607600,6.484607666015625,0.5670928955078125,0.107757568359375,0.0533447265625
1782969332893533700,6.49453369140625,0.7392425537109375,0.0830841064453125,0.0541839599609375
1782969332903459600,6.50445947265625,0.8942108154296875,0.0601348876953125,0.0793304443359375
1782969332913385700,6.5143857421875,0.9651336669921875,0.0712432861328125,0.0701141357421875
1782969332923311400,6.524311279296875,0.95892333984375,0.0435028076171875,0.147003173828125
1782969332933238500,6.534238525390625,0.8544921875,0.0729522705078125,0.1852874755859375
1782969332943164700,6.54416455078125,0.7266387939453125,0.1216888427734375,0.1872711181640625
1782969332953090600,6.554090576171875,0.5980682373046875,0.132080078125,0.2173919677734375
1782969332963016400,6.564016357421875,0.5030975341796875,0.121551513671875,0.225006103515625
1782969332972942600,6.573942626953125,0.4459991455078125,0.0947113037109375,0.2068328857421875
1782969332982869500,6.583869384765625,0.427154541015625,0.0511474609375,0.165130615234375
1782969332992795600,6.593795654296875,0.4087677001953125,-0.0034637451171875,0.10467529296875
1782969333002721500,6.603721435546875,0.3686065673828125,-0.06036376953125,0.0332183837890625
1782969333012647700,6.613647705078125,0.308380126953125,-0.085662841796875,-0.0168304443359375
1782969333022573800,6.62357373046875,0.22454833984375,-0.111785888671875,-0.07501220703125
1782969333032500500,6.63350048828125,0.0671234130859375,-0.1448516845703125,-0.1063079833984375
1782969333042426600,6.643426513671875,-0.201202392578125,-0.1350555419921875,-0.1568450927734375
1782969333052352800,6.653352783203125,-0.603607177734375,-0.2070770263671875,-0.1282806396484375
1782969333062278400,6.6632783203125,-1.1968536376953125,-0.1247100830078125,-0.3023681640625
1782969333072205600,6.67320556640625,-1.8955841064453125,-0.0453643798828125,-0.6148529052734375
1782969333082131700,6.683131591796875,-2.8116302490234375,-0.0750274658203125,-0.984283447265625
1782969333092057600,6.6930576171875,-4.3439483642578125,0.0592041015625,-1.4372100830078125
1782969333101983500,6.7029833984375,-5.863433837890625,0.3187103271484375,-1.9326629638671875
1782969333111909600,6.71290966796875,-6.3715362548828125,0.54339599609375,-2.464996337890625
1782969333121836500,6.72283642578125,-5.650970458984375,0.291259765625,-2.6688232421875
1782969333131762400,6.732762451171875,-4.251953125,-0.1417999267578125,-2.5829620361328125
1782969333141688600,6.7426884765625,-2.9854278564453125,-0.338897705078125,-2.4319305419921875
1782969333151614700,6.75261474609375,-2.19189453125,-0.39898681640625,-2.056549072265625
1782969333161540600,6.76254052734375,-1.739288330078125,-0.3118896484375,-1.5490875244140625
1782969333171467500,6.772467529296875,-1.4199676513671875,-0.1584320068359375,-1.059539794921875
1782969333181393700,6.7823935546875,-1.1632537841796875,-0.0240325927734375,-0.663543701171875
1782969333191319800,6.79231982421875,-0.947357177734375,0.0517120361328125,-0.34942626953125
1782969333201245400,6.802245361328125,-0.7829437255859375,0.0670013427734375,-0.1295013427734375
1782969333211171600,6.812171630859375,-0.6673126220703125,0.0548858642578125,-0.011383056640625
1782969333221098800,6.8220986328125,-0.5943603515625,0.0414886474609375,0.0336456298828125
1782969333231024400,6.8320244140625,-0.5496368408203125,0.0334625244140625,0.0352783203125
1782969333240950500,6.841950439453125,-0.5132904052734375,0.03631591796875,0.030181884765625
1782969333250876700,6.851876708984375,-0.469268798828125,0.0357818603515625,0.0204925537109375
1782969333260802600,6.861802490234375,-0.4141082763671875,0.0392608642578125,-0.0005950927734375
1782969333270729500,6.8717294921875,-0.3542327880859375,0.061004638671875,-0.01849365234375
1782969333280655600,6.881655517578125,-0.3090972900390625,0.084503173828125,-0.0247344970703125
1782969333290581800,6.891581787109375,-0.27935791015625,0.0975799560546875,-0.0304412841796875
1782969333300507600,6.901507568359375,-0.2435150146484375,0.10296630859375,-0.0496673583984375
1782969333310433500,6.91143359375,-0.1907958984375,0.10089111328125,-0.050872802734375
1782969333320360700,6.921360595703125,-0.105621337890625,0.09521484375,-0.0307464599609375
1782969333330286600,6.93128662109375,0.0110626220703125,0.0958709716796875,-0.030548095703125
1782969333340212500,6.94121240234375,0.1603546142578125,0.087554931640625,-0.0328369140625
1782969333350138600,6.951138671875,0.3260498046875,0.0732269287109375,-0.033782958984375
1782969333360065800,6.961065673828125,0.4930267333984375,0.051788330078125,-0.02764892578125
1782969333369991400,6.970991455078125,0.667327880859375,0.0308990478515625,-0.00152587890625
1782969333379917600,6.98091748046875,0.84405517578125,0.0018310546875,0.025634765625
1782969333389843700,6.99084375,0.943756103515625,-0.024749755859375,0.04461669921875
1782969333399769600,7.00076953125,0.934722900390625,-0.0365753173828125,0.0540924072265625
1782969333409696500,7.010696533203125,0.82598876953125,-0.0482940673828125,0.0440673828125
1782969333419622700,7.02062255859375,0.691650390625,-0.0654144287109375,0.041412353515625
1782969333429548500,7.030548583984375,0.55157470703125,-0.071136474609375,0.0601348876953125
1782969333439474700,7.040474609375,0.46209716796875,-0.09368896484375,0.0489501953125
1782969333449400600,7.050400634765625,0.358734130859375,-0.137481689453125,0.027374267578125
1782969333459327700,7.06032763671875,0.1602020263671875,-0.1912689208984375,0.0024261474609375
1782969333469253600,7.070253662109375,-0.1443939208984375,-0.237152099609375,0.001068115234375
1782969333479179500,7.080179443359375,-0.59796142578125,-0.2454833984375,-0.0181884765625
1782969333489105700,7.090105712890625,-1.141357421875,-0.2118072509765625,-0.024078369140625
1782969333499031600,7.100031494140625,-1.770904541015625,-0.152923583984375,-0.0439300537109375
1782969333508958500,7.10995849609375,-2.4031982421875,-0.1534423828125,-0.193634033203125
1782969333518884600,7.119884521484375,-2.88409423828125,-0.177886962890625,-0.4521331787109375
1782969333528810500,7.129810546875,-3.52532958984375,-0.1515960693359375,-0.7234344482421875
1782969333538736600,7.139736572265625,-4.5535736083984375,-0.0429840087890625,-1.0381927490234375
1782969333548662800,7.149662841796875,-5.2259368896484375,0.100830078125,-1.333404541015625
1782969333558589700,7.159589599609375,-5.1056976318359375,0.33953857421875,-1.5426483154296875
1782969333568515600,7.169515625,-4.320648193359375,0.3198089599609375,-1.447540283203125
1782969333578441700,7.179441650390625,-3.3250885009765625,0.096435546875,-1.2501220703125
1782969333588367600,7.18936767578125,-2.5247039794921875,-0.0089874267578125,-1.210479736328125
1782969333598293500,7.19929345703125,-2.0195159912109375,-0.077423095703125,-1.1075897216796875
1782969333608220700,7.209220703125,-1.7019805908203125,-0.10186767578125,-0.930267333984375
1782969333618146600,7.219146484375,-1.422607421875,-0.0676422119140625,-0.735748291015625
1782969333628072400,7.229072509765625,-1.168548583984375,-0.0158538818359375,-0.5361175537109375
1782969333637998600,7.23899853515625,-0.9486236572265625,0.0226898193359375,-0.3677215576171875
1782969333647924700,7.2489248046875,-0.78057861328125,0.0289459228515625,-0.249786376953125
1782969333657851600,7.2588515625,-0.6925048828125,0.0085906982421875,-0.2159271240234375
1782969333667777500,7.268777587890625,-0.6629638671875,-0.0103912353515625,-0.215911865234375
1782969333677703700,7.27870361328125,-0.6282501220703125,-0.020904541015625,-0.215667724609375
1782969333687629800,7.2886298828125,-0.5728912353515625,-0.0304718017578125,-0.20440673828125
1782969333697556500,7.298556396484375,-0.5008087158203125,-0.036376953125,-0.1789093017578125
1782969333707482600,7.308482666015625,-0.433135986328125,-0.038055419921875,-0.1444091796875
1782969333717408800,7.31840869140625,-0.3860015869140625,-0.0383758544921875,-0.1082916259765625
1782969333727334400,7.32833447265625,-0.3466033935546875,-0.0502777099609375,-0.083770751953125
1782969333737260500,7.338260498046875,-0.28533935546875,-0.0608062744140625,-0.0512542724609375
1782969333747187700,7.348187744140625,-0.20037841796875,-0.0552520751953125,0.0107879638671875
1782969333757113300,7.35811328125,-0.0978240966796875,-0.0573577880859375,0.0718231201171875
1782969333767039200,7.368039306640625,-0.020294189453125,-0.0606536865234375,0.1159820556640625
1782969333776965400,7.37796533203125,0.0376739501953125,-0.03857421875,0.121337890625
1782969333786891300,7.387891357421875,0.0916900634765625,0.0029144287109375,0.1128387451171875
1782969333796818200,7.397818115234375,0.1512451171875,0.0541839599609375,0.1071624755859375
1782969333806744300,7.407744384765625,0.22247314453125,0.093292236328125,0.093414306640625
1782969333816670500,7.41767041015625,0.2967529296875,0.122894287109375,0.044158935546875
1782969333826596400,7.427596435546875,0.3542327880859375,0.1421051025390625,-0.0400390625
1782969333836522200,7.437522216796875,0.4069366455078125,0.1500244140625,-0.046905517578125
1782969333846449400,7.447449462890625,0.4854888916015625,0.182159423828125,-0.035369873046875
1782969333856375600,7.45737548828125,0.5800018310546875,0.2301177978515625,-0.0808563232421875
1782969333866301200,7.46730126953125,0.6751708984375,0.2682647705078125,-0.050750732421875
1782969333876227300,7.477227294921875,0.79449462890625,0.255279541015625,0.0070343017578125
1782969333886153500,7.487153564453125,0.8937225341796875,0.226837158203125,-0.0068511962890625
1782969333896080100,7.497080078125,1.0034332275390625,0.1576690673828125,-0.109710693359375
1782969333906006300,7.50700634765625,1.2533416748046875,-0.0970916748046875,-0.2915496826171875
1782969333915932400,7.516932373046875,1.0509796142578125,-0.0635223388671875,-0.1956787109375
1782969333925858300,7.5268583984375,0.97650146484375,-0.077301025390625,-0.2955780029296875
1782969333935784400,7.536784423828125,0.9705963134765625,-0.197235107421875,-0.41156005859375
1782969333945711400,7.54671142578125,0.6423492431640625,-0.29107666015625,-0.3532562255859375
1782969333955637500,7.556637451171875,0.128387451171875,-0.2618408203125,-0.2664642333984375
1782969333965563400,7.5665634765625,-1.05267333984375,-0.0934600830078125,-0.229949951171875
1782969333975489300,7.5764892578125,-2.966796875,0.00811767578125,-0.330108642578125
1782969333985415400,7.58641552734375,-4.9642181396484375,0.1135711669921875,-0.708892822265625
1782969333995342300,7.59634228515625,-5.9978179931640625,0.1021881103515625,-1.224853515625
1782969334005268200,7.606268310546875,-6.031219482421875,-0.15643310546875,-1.8214569091796875
1782969334015194400,7.6161943359375,-6.2261199951171875,-0.654449462890625,-2.533538818359375
1782969334025120300,7.626120361328125,-5.3682708740234375,-1.1339874267578125,-2.513916015625
1782969334035047200,7.636047119140625,-4.5478363037109375,-1.0908203125,-2.248046875
1782969334044973300,7.645973388671875,-3.82354736328125,-0.8041534423828125,-1.721405029296875
1782969334054899500,7.6558994140625,-2.902069091796875,-0.4107513427734375,-0.859588623046875
1782969334064825300,7.665825439453125,-2.051605224609375,-0.1218109130859375,-0.21246337890625
1782969334074751500,7.67575146484375,-1.4982452392578125,-0.1405029296875,-0.046478271484375
1782969334084678400,7.685678466796875,-1.129302978515625,-0.2387237548828125,-0.0140228271484375
1782969334094604300,7.695604248046875,-0.8153076171875,-0.2901611328125,0.0069580078125
1782969334104530400,7.705530517578125,-0.595855712890625,-0.2568511962890625,0.0110626220703125
1782969334114456300,7.715456298828125,-0.4600067138671875,-0.172637939453125,0.0148773193359375
1782969334124382200,7.72538232421875,-0.37152099609375,-0.11090087890625,-0.00128173828125
1782969334134309400,7.735309326171875,-0.312103271484375,-0.070037841796875,-0.0329132080078125
1782969334144235300,7.7452353515625,-0.2738494873046875,-0.0616912841796875,-0.1074676513671875
1782969334154161400,7.755161376953125,-0.2519073486328125,-0.064544677734375,-0.1847381591796875
1782969334164087300,7.76508740234375,-0.2017669677734375,-0.0914154052734375,-0.2311248779296875
1782969334174013400,7.775013427734375,-0.1463623046875,-0.1161041259765625,-0.2597198486328125
1782969334183940400,7.7849404296875,-0.090301513671875,-0.1190948486328125,-0.261474609375
1782969334193866200,7.7948662109375,-0.043853759765625,-0.105255126953125,-0.2367706298828125
1782969334203792400,7.80479248046875,0.0241546630859375,-0.0664825439453125,-0.16998291015625
1782969334213718500,7.814718505859375,0.1095123291015625,-0.0285797119140625,-0.1031494140625
1782969334223644200,7.82464404296875,0.1592559814453125,0.01129150390625,-0.0319671630859375
1782969334233571300,7.8345712890625,0.1687774658203125,0.033111572265625,-0.000457763671875
1782969334243497500,7.84449755859375,0.113433837890625,0.0590057373046875,0.0242462158203125
1782969334253423400,7.85442333984375,0.11236572265625,0.06390380859375,0.0378875732421875
1782969334263349200,7.864349365234375,0.1215972900390625,0.06488037109375,0.0578460693359375
1782969334273275400,7.874275390625,0.1604766845703125,0.063812255859375,0.06634521484375
1782969334283202300,7.884202392578125,0.1800384521484375,0.0407867431640625,0.0596771240234375
1782969334293128200,7.894128173828125,0.18792724609375,0.020843505859375,0.0506134033203125
1782969334303054300,7.904054443359375,0.19171142578125,0.0103759765625,0.0358734130859375
1782969334312980500,7.91398046875,0.174285888671875,-0.0050506591796875,0.037689208984375
1782969334322906400,7.92390625,0.1502685546875,-0.0180511474609375,0.0463409423828125
1782969334332833300,7.933833251953125,0.1263427734375,-0.0288848876953125,0.05560302734375
1782969334342759400,7.943759521484375,0.1044921875,-0.0496063232421875,0.0571136474609375
1782969334352685600,7.953685546875,0.0908355712890625,-0.0789337158203125,0.057891845703125
1782969334362611200,7.963611083984375,0.1002044677734375,-0.1204986572265625,0.0663604736328125
1782969334372537300,7.973537353515625,0.125,-0.17431640625,0.0864715576171875
1782969334382464500,7.983464599609375,0.13897705078125,-0.2429351806640625,0.1031036376953125
1782969334392390100,7.99339013671875,0.1397247314453125,-0.3282470703125,0.0960540771484375
1782969334402316300,8.00331640625,0.0615386962890625,-0.422119140625,0.0678253173828125
1782969334412242400,8.013242431640625,-0.3059234619140625,-0.4498748779296875,0.0928497314453125
1782969334422168300,8.023168212890624,-1.0779876708984375,-0.357574462890625,0.0426025390625
1782969334432095200,8.03309521484375,-2.3600921630859375,-0.1653594970703125,-0.119384765625
1782969334442021400,8.043021484375,-3.9555206298828125,0.0740814208984375,-0.439727783203125
1782969334451947500,8.052947509765625,-4.9873199462890625,0.098114013671875,-0.68548583984375
1782969334461873400,8.062873291015626,-5.3299102783203125,-0.0755615234375,-0.9627685546875
1782969334471799300,8.07279931640625,-5.0218505859375,-0.185882568359375,-1.2870635986328125
1782969334481726500,8.0827265625,-4.3802337646484375,-0.13970947265625,-1.2921142578125
1782969334491652400,8.09265234375,-3.824951171875,-0.0276641845703125,-1.110748291015625
1782969334501578200,8.102578125,-3.2596893310546875,0.0109710693359375,-0.9259185791015625
1782969334511504400,8.11250439453125,-2.626953125,-0.004058837890625,-0.8141937255859375
1782969334521431600,8.122431640625,-2.055145263671875,-0.021087646484375,-0.7149658203125
1782969334531357200,8.132357177734375,-1.6517486572265625,-0.0400238037109375,-0.614593505859375
1782969334541283300,8.142283447265624,-1.3607940673828125,-0.0700836181640625,-0.5152130126953125
1782969334551209500,8.15220947265625,-1.105133056640625,-0.0783538818359375,-0.4294586181640625
1782969334561135400,8.16213525390625,-0.920562744140625,-0.0464324951171875,-0.31640625
1782969334571062300,8.172062255859375,-0.773529052734375,-0.0056610107421875,-0.2212677001953125
1782969334580988400,8.181988525390626,-0.643463134765625,0.0240936279296875,-0.156982421875
1782969334590914300,8.191914306640625,-0.5272674560546875,0.0316009521484375,-0.120849609375
1782969334600840400,8.20184033203125,-0.4185943603515625,0.06512451171875,-0.0940093994140625
1782969334610766300,8.211766357421874,-0.301666259765625,0.11639404296875,-0.0888214111328125
1782969334620693500,8.221693603515625,-0.2088623046875,0.161865234375,-0.0742950439453125
1782969334630619400,8.231619384765626,-0.137237548828125,0.193389892578125,-0.0526885986328125
1782969334640545300,8.241545166015625,-0.0523834228515625,0.2358245849609375,-0.04180908203125
1782969334650471400,8.251471435546875,0.0675201416015625,0.3024139404296875,-0.041778564453125
1782969334660397300,8.261397216796874,0.2637481689453125,0.351531982421875,-0.0237884521484375
1782969334670324200,8.27132421875,0.499786376953125,0.400848388671875,0.0601959228515625
1782969334680250400,8.28125048828125,0.696044921875,0.46539306640625,0.1464996337890625
1782969334690176300,8.29117626953125,0.79791259765625,0.5219879150390625,0.1959075927734375
1782969334700102400,8.301102294921876,0.7833709716796875,0.52825927734375,0.1637725830078125
1782969334710028300,8.3110283203125,0.7477569580078125,0.512908935546875,0.035430908203125
1782969334719955500,8.32095556640625,0.7512359619140625,0.50006103515625,-0.108001708984375
1782969334729881300,8.33088134765625,0.756072998046875,0.4476776123046875,-0.2509307861328125
1782969334739807500,8.340807373046875,0.795989990234375,0.3831024169921875,-0.3491668701171875
1782969334749732600,8.350732666015626,0.85870361328125,0.3249359130859375,-0.361541748046875
1782969334759658800,8.36065869140625,0.88519287109375,0.2306365966796875,-0.3470916748046875
1782969334769585700,8.370585693359375,0.9061737060546875,0.1371307373046875,-0.343353271484375
1782969334779511800,8.38051171875,0.9664306640625,0.047088623046875,-0.3343353271484375
1782969334789439700,8.390439697265625,0.99700927734375,0.0214080810546875,-0.39373779296875
1782969334799365600,8.40036572265625,1.0037841796875,-0.0938873291015625,-0.27301025390625
1782969334809291500,8.41029150390625,0.9286956787109375,-0.2216033935546875,-0.103179931640625
1782969334819217700,8.4202177734375,0.7530364990234375,-0.178497314453125,-0.154510498046875
1782969334829143800,8.430143798828125,0.442626953125,-0.1327667236328125,-0.1799774169921875
1782969334839070700,8.44007080078125,-0.0046234130859375,-0.083953857421875,-0.15423583984375
1782969334848996600,8.44999658203125,-0.6598968505859375,-0.007293701171875,-0.148193359375
1782969334858922800,8.4599228515625,-1.6077880859375,0.1082763671875,-0.24853515625
1782969334868849000,8.469848876953124,-2.662445068359375,0.13555908203125,-0.42547607421875
1782969334878774500,8.4797744140625,-3.503082275390625,0.031280517578125,-0.633270263671875
1782969334888701700,8.48970166015625,-4.287017822265625,-0.0947113037109375,-1.094329833984375
1782969334898627800,8.4996279296875,-5.080108642578125,-0.186004638671875,-1.8936614990234375
1782969334908553700,8.5095537109375,-5.43975830078125,-0.305511474609375,-2.719329833984375
1782969334918479600,8.519479736328124,-5.3075714111328125,-0.427276611328125,-3.3157958984375
1782969334928406800,8.52940673828125,-4.879425048828125,-0.7015380859375,-3.414581298828125
1782969334938332700,8.539332763671876,-4.22247314453125,-0.8613739013671875,-3.1295013427734375
1782969334948258600,8.549258544921875,-3.5434722900390625,-0.7323455810546875,-2.6544189453125
1782969334958184700,8.559184814453126,-2.9436187744140625,-0.4764251708984375,-2.0536956787109375
1782969334968110800,8.56911083984375,-2.445037841796875,-0.202423095703125,-1.4422760009765625
1782969334978037800,8.579037841796875,-2.130889892578125,-0.0001220703125,-0.9272308349609375
1782969334987963600,8.588963623046874,-1.924468994140625,0.09844970703125,-0.5545806884765625
1782969334997889800,8.598889892578125,-1.6587066650390625,0.1560821533203125,-0.3092193603515625
1782969335007815700,8.608815673828126,-1.340911865234375,0.1641387939453125,-0.14410400390625
1782969335017741600,8.618741455078125,-0.993194580078125,0.101043701171875,-0.058685302734375
1782969335027668700,8.628668701171875,-0.655609130859375,0.05126953125,-0.0117034912109375
1782969335037595000,8.638594970703124,-0.3638458251953125,0.0363006591796875,0.00360107421875
1782969335047520500,8.6485205078125,-0.0835418701171875,-0.0362548828125,0.1034393310546875
1782969335057446700,8.65844677734375,0.1446533203125,-0.0463104248046875,0.149658203125
1782969335067372800,8.668372802734375,0.2840118408203125,-0.05230712890625,0.1661834716796875
1782969335077299700,8.6782998046875,0.390106201171875,-0.0757598876953125,0.1607666015625
1782969335087225600,8.6882255859375,0.560333251953125,-0.06207275390625,0.0947418212890625
1782969335097151700,8.69815185546875,0.7858123779296875,0.003173828125,0.0943756103515625
1782969335107077600,8.70807763671875,1.07916259765625,0.048736572265625,0.13311767578125
1782969335117003800,8.718003662109375,1.45806884765625,0.0123748779296875,0.2733154296875
1782969335126930700,8.7279306640625,1.7622833251953125,0.0139312744140625,0.35687255859375
1782969335136856800,8.73785693359375,1.8055267333984375,0.0877685546875,0.363616943359375
1782969335146782700,8.74778271484375,1.486785888671875,0.188323974609375,0.3701934814453125
1782969335156708600,8.75770849609375,1.0480194091796875,0.2138824462890625,0.387542724609375
1782969335166634800,8.767634765625,0.7490386962890625,0.22369384765625,0.3798065185546875
1782969335176562000,8.77756201171875,0.59503173828125,0.2339324951171875,0.350677490234375
1782969335186487600,8.787487548828125,0.56243896484375,0.185943603515625,0.3062744140625
1782969335196413700,8.79741357421875,0.5584259033203125,0.0999755859375,0.2308349609375
1782969335206339600,8.807339599609374,0.4860992431640625,0.024505615234375,0.116851806640625
1782969335216265700,8.817265625,0.336151123046875,-0.056396484375,0.00579833984375
1782969335226192600,8.827192626953124,0.1402435302734375,-0.117706298828125,-0.0333709716796875
1782969335236118800,8.837118896484375,-0.039276123046875,-0.183685302734375,-0.039825439453125
1782969335246044700,8.847044677734376,-0.1303253173828125,-0.21710205078125,-0.038787841796875
1782969335255970800,8.856970703125,-0.171966552734375,-0.229705810546875,-0.0530548095703125
1782969335265896700,8.866896728515625,-0.3037567138671875,-0.2238006591796875,-0.05682373046875
1782969335275823900,8.876823974609374,-0.6655426025390625,-0.127227783203125,-0.0374298095703125
1782969335285749800,8.886749755859375,-1.3407440185546875,0.05859375,-0.0705108642578125
1782969335295675600,8.896675537109376,-2.188629150390625,0.209625244140625,-0.2155303955078125
1782969335305601500,8.9066015625,-3.165496826171875,0.2215423583984375,-0.533447265625
1782969335315528700,8.91652880859375,-4.35443115234375,0.1872406005859375,-1.134613037109375
1782969335325454600,8.92645458984375,-5.4996337890625,0.1967926025390625,-1.962493896484375
1782969335335380700,8.936380615234375,-6.2599334716796875,0.212127685546875,-2.913055419921875
1782969335345306600,8.946306640625,-6.315582275390625,0.2081756591796875,-3.4816436767578125
1782969335355232800,8.956232666015625,-5.4640960693359375,0.1472320556640625,-3.2631988525390625
1782969335365159700,8.96615966796875,-4.096038818359375,0.0400238037109375,-2.7362213134765625
1782969335375085800,8.9760859375,-2.7549896240234375,0.00750732421875,-2.2526702880859375
1782969335385011700,8.98601171875,-1.87225341796875,-0.0315093994140625,-1.76055908203125
1782969335394937900,8.995937744140624,-1.4005584716796875,-0.046905517578125,-1.2597198486328125
1782969335404863700,9.00586376953125,-1.0740966796875,0.0312347412109375,-0.7907562255859375
1782969335414790700,9.015790771484374,-0.811553955078125,0.1085205078125,-0.3759918212890625
1782969335424716800,9.025716796875,-0.59515380859375,0.1437835693359375,-0.077178955078125
1782969335434642700,9.035642578125,-0.449615478515625,0.1781463623046875,0.0914459228515625
1782969335444568600,9.045568603515624,-0.3733673095703125,0.2001953125,0.1912689208984375
1782969335454494700,9.05549462890625,-0.2870330810546875,0.156646728515625,0.230072021484375
1782969335464421600,9.065421630859374,-0.165191650390625,0.0719146728515625,0.233428955078125
1782969335474347800,9.07534765625,-0.0152740478515625,-0.0063018798828125,0.23828125
1782969335484273700,9.085273681640626,0.136199951171875,-0.0576019287109375,0.234527587890625
1782969335494199800,9.09519970703125,0.29205322265625,-0.08807373046875,0.228363037109375
1782969335504126000,9.1051259765625,0.451141357421875,-0.1023406982421875,0.2265167236328125
1782969335514052600,9.115052490234374,0.5800628662109375,-0.0985870361328125,0.1887664794921875
1782969335523978800,9.124978759765625,0.7151031494140625,-0.109588623046875,0.1980133056640625
1782969335533905000,9.13490478515625,0.8517913818359375,-0.1121063232421875,0.2269439697265625
1782969335543830500,9.14483056640625,0.96063232421875,-0.0936737060546875,0.2181549072265625
1782969335553757700,9.1547578125,0.9936676025390625,-0.0423736572265625,0.181884765625
1782969335563683800,9.164683837890625,0.90289306640625,-0.0023956298828125,0.15435791015625
1782969335573609700,9.174609619140625,0.745086669921875,0.001800537109375,0.14959716796875
1782969335583535600,9.18453564453125,0.6019287109375,0.0168304443359375,0.15643310546875
1782969335593461800,9.194461669921875,0.512908935546875,0.0394134521484375,0.1738433837890625
1782969335603388000,9.204387939453126,0.498016357421875,0.0136566162109375,0.1738739013671875
1782969335613314600,9.214314453125,0.521759033203125,-0.03656005859375,0.120269775390625
1782969335623240700,9.22424072265625,0.5587005615234375,-0.1003265380859375,0.0501708984375
1782969335633166800,9.234166748046874,0.5624847412109375,-0.140777587890625,-0.0045013427734375
1782969335643092700,9.2440927734375,0.4941253662109375,-0.15521240234375,-0.0433197021484375
1782969335653019600,9.25401953125,0.3742523193359375,-0.1433868408203125,-0.048126220703125
1782969335662945800,9.26394580078125,0.203704833984375,-0.101776123046875,-0.0028533935546875
1782969335672872000,9.273871826171876,-0.0037689208984375,-0.0260467529296875,0.076446533203125
1782969335682797600,9.283797607421874,-0.2384033203125,0.0196533203125,0.1517486572265625
1782969335692723700,9.2937236328125,-0.4631195068359375,0.0034332275390625,0.16326904296875
1782969335702651000,9.30365087890625,-0.7006988525390625,-0.0733642578125,0.1096649169921875
1782969335712576500,9.313576416015625,-0.9661407470703125,-0.2041168212890625,0.0151214599609375
1782969335722502700,9.323502685546876,-1.3048248291015625,-0.3158416748046875,-0.1184539794921875
1782969335732428800,9.3334287109375,-1.7850494384765625,-0.372467041015625,-0.252899169921875
1782969335742354700,9.343354736328125,-2.5644683837890625,-0.349029541015625,-0.42657470703125
1782969335752282000,9.3532822265625,-3.6596527099609375,-0.2317352294921875,-0.7570648193359375
1782969335762208300,9.363208251953125,-4.7573089599609375,-0.0474395751953125,-1.1527862548828125
1782969335772134400,9.373134521484374,-5.459503173828125,0.041015625,-1.5308685302734375
1782969335782060000,9.38306005859375,-5.6146392822265625,0.1013336181640625,-2.005157470703125
1782969335791986200,9.392986083984376,-5.2307586669921875,-0.085968017578125,-2.266937255859375
1782969335801913300,9.402913330078125,-4.5495147705078125,-0.26458740234375,-2.3180694580078125
1782969335811839000,9.4128388671875,-3.7900543212890625,-0.2907867431640625,-2.1400604248046875
1782969335821765000,9.42276513671875,-3.017120361328125,-0.221588134765625,-1.717254638671875
1782969335831691300,9.432691162109375,-2.3892974853515625,-0.1009674072265625,-1.26519775390625
1782969335841617200,9.4426171875,-1.9397125244140625,-0.008544921875,-0.887237548828125
1782969335851544000,9.4525439453125,-1.6168670654296875,0.0467681884765625,-0.5964202880859375
1782969335861470200,9.46247021484375,-1.36151123046875,0.0789031982421875,-0.36572265625
1782969335871396400,9.472396240234374,-1.1263275146484375,0.108734130859375,-0.1972198486328125
1782969335881322200,9.482322265625,-0.9146728515625,0.1407470703125,-0.1069183349609375
1782969335891248000,9.492248046875,-0.7269134521484375,0.171539306640625,-0.0574798583984375
1782969335901175300,9.50217529296875,-0.550262451171875,0.1881103515625,-0.0347137451171875
1782969335911101200,9.51210107421875,-0.3758392333984375,0.1768341064453125,-0.0421905517578125
1782969335921027000,9.522027099609375,-0.2119903564453125,0.1600341796875,-0.0748748779296875
1782969335930953200,9.531953125,-0.05804443359375,0.1210479736328125,-0.111328125
1782969335940880400,9.54188037109375,0.0980224609375,0.0899505615234375,-0.124603271484375
1782969335950806000,9.551805908203125,0.280914306640625,0.086029052734375,-0.1143035888671875
1782969335960732200,9.561732177734376,0.46221923828125,0.092376708984375,-0.0684967041015625
1782969335970658300,9.571658203125,0.6309356689453125,0.125518798828125,0.0090179443359375
1782969335980584200,9.581584228515625,0.8020477294921875,0.172149658203125,0.096160888671875
1782969335990511000,9.591510986328124,0.919586181640625,0.2037200927734375,0.1289215087890625
1782969336000437200,9.601437255859375,0.9614410400390625,0.208526611328125,0.147369384765625
1782969336010363100,9.611363037109374,0.927886962890625,0.20965576171875,0.14752197265625
1782969336020289300,9.621289306640625,0.822296142578125,0.22259521484375,0.1555938720703125
1782969336030215200,9.631215087890626,0.673095703125,0.21148681640625,0.14129638671875
1782969336040142300,9.641142333984375,0.5412139892578125,0.1834564208984375,0.1014556884765625
1782969336050068200,9.651068115234375,0.446319580078125,0.1452789306640625,0.05816650390625
1782969336059994000,9.660994140625,0.3851165771484375,0.094940185546875,0.0110015869140625
1782969336069920300,9.670920166015625,0.3520355224609375,0.033355712890625,-0.038238525390625
1782969336079846100,9.68084619140625,0.3388824462890625,-0.0339508056640625,-0.0840606689453125
1782969336089773000,9.69077294921875,0.3377227783203125,-0.1069488525390625,-0.1215972900390625
1782969336099699200,9.70069921875,0.3363189697265625,-0.1736602783203125,-0.138671875
1782969336109625000,9.710625,0.300140380859375,-0.2232513427734375,-0.1246185302734375
1782969336119551200,9.72055126953125,0.2572021484375,-0.2618865966796875,-0.095611572265625
1782969336129477400,9.730477294921876,0.2275390625,-0.2735137939453125,-0.039031982421875
1782969336139404300,9.740404296875,0.1529998779296875,-0.2646636962890625,0.0512237548828125
1782969336149330200,9.750330078125,0.0202789306640625,-0.26605224609375,0.1567840576171875
1782969336159256300,9.76025634765625,-0.273681640625,-0.256622314453125,0.1831207275390625
1782969336169182200,9.77018212890625,-0.802947998046875,-0.3175201416015625,0.274444580078125
1782969336179108000,9.780108154296874,-1.5875091552734375,-0.230865478515625,0.085693359375
1782969336189035300,9.79003515625,-2.4008941650390625,-0.1953887939453125,-0.1568450927734375
1782969336198961200,9.799961181640626,-3.11004638671875,-0.17242431640625,-0.4523773193359375
1782969336208887000,9.809886962890625,-3.61248779296875,-0.134613037109375,-0.8761138916015625
1782969336218813200,9.819813232421875,-3.94158935546875,-0.08282470703125,-1.3324127197265625
1782969336228739300,9.8297392578125,-4.16644287109375,0.069671630859375,-1.5790863037109375
1782969336238666200,9.839666259765625,-4.1821746826171875,0.1963958740234375,-1.56536865234375
1782969336248592100,9.849592041015624,-3.88323974609375,0.17156982421875,-1.40032958984375
1782969336258518300,9.859518310546875,-3.370269775390625,0.084197998046875,-1.257720947265625
1782969336268444400,9.8694443359375,-2.7840728759765625,0.02142333984375,-1.1327972412109375
1782969336278370000,9.8793701171875,-2.19842529296875,-0.012603759765625,-0.9691162109375
1782969336288297200,9.889297119140625,-1.7174835205078125,-0.04144287109375,-0.85498046875
1782969336298223400,9.899223388671874,-1.2024688720703125,-0.2048492431640625,-0.868133544921875
1782969336308149000,9.90914892578125,-1.016845703125,-0.2606658935546875,-0.6027984619140625
1782969336318075100,9.9190751953125,-1.040771484375,-0.17364501953125,-0.5664215087890625
1782969336328002300,9.929002197265625,-0.857177734375,-0.1711883544921875,-0.42633056640625
1782969336337928200,9.93892822265625,-0.7700347900390625,-0.2008514404296875,-0.330810546875
1782969336347854000,9.94885400390625,-0.685302734375,-0.1801910400390625,-0.328857421875
1782969336357780200,9.9587802734375,-0.563140869140625,-0.13812255859375,-0.234283447265625
1782969336367706400,9.968706298828126,-0.4591522216796875,-0.0968017578125,-0.170013427734375
1782969336377633300,9.97863330078125,-0.3918609619140625,-0.0849761962890625,-0.1167449951171875
1782969336387559200,9.98855908203125,-0.3162689208984375,-0.085418701171875,-0.064422607421875
1782969336397485300,9.9984853515625,-0.218597412109375,-0.0878753662109375,-0.0409088134765625
1782969336407411200,10.0084111328125,-0.159881591796875,-0.0888214111328125,0.0069427490234375
1782969336417337000,10.018337158203124,-0.11871337890625,-0.070648193359375,0.0728302001953125
1782969336427264300,10.02826416015625,-0.059112548828125,-0.04022216796875,0.11676025390625
1782969336437190400,10.0381904296875,-0.00079345703125,-0.0226898193359375,0.13836669921875
1782969336447116000,10.048115966796875,0.0573272705078125,-0.027252197265625,0.140533447265625
1782969336457042200,10.058042236328125,0.1338348388671875,-0.0510711669921875,0.115814208984375
1782969336466968300,10.06796826171875,0.1984405517578125,-0.088714599609375,0.0781402587890625
1782969336476895200,10.077895263671875,0.1956329345703125,-0.136962890625,0.0411529541015625
1782969336486821000,10.087821044921874,0.109649658203125,-0.186676025390625,-0.0171661376953125
1782969336496747300,10.097747314453125,0.014801025390625,-0.245208740234375,-0.066192626953125
1782969336506673200,10.107673095703126,-0.087982177734375,-0.290313720703125,-0.109649658203125
1782969336516599300,10.117599365234375,-0.2045745849609375,-0.3094329833984375,-0.1448974609375
1782969336526526200,10.127526123046875,-0.433013916015625,-0.2830963134765625,-0.16485595703125
1782969336536452400,10.137452392578124,-0.7685089111328125,-0.2296142578125,-0.189453125
1782969336546378200,10.147378173828125,-1.13543701171875,-0.1699981689453125,-0.23895263671875
1782969336556304100,10.15730419921875,-1.4840087890625,-0.1403961181640625,-0.287139892578125
1782969336566230300,10.167230224609375,-1.7503662109375,-0.14312744140625,-0.3502960205078125
1782969336576157400,10.177157470703126,-1.8921661376953125,-0.160736083984375,-0.3897552490234375
1782969336586083000,10.1870830078125,-1.9281463623046875,-0.1880950927734375,-0.3978424072265625
1782969336596009200,10.19700927734375,-1.8856964111328125,-0.1956329345703125,-0.39862060546875
1782969336605935000,10.20693505859375,-1.7696533203125,-0.1802825927734375,-0.3759613037109375
1782969336615861200,10.216861328125,-1.6136016845703125,-0.1800537109375,-0.3369293212890625
1782969336625788200,10.2267880859375,-1.469207763671875,-0.195556640625,-0.3150177001953125
1782969336635714300,10.23671435546875,-1.3431243896484375,-0.1982879638671875,-0.271026611328125
1782969336645640200,10.24664013671875,-1.255279541015625,-0.1876983642578125,-0.2151947021484375
1782969336655566300,10.25656640625,-1.1939697265625,-0.1794891357421875,-0.183319091796875
1782969336665493200,10.2664931640625,-1.152862548828125,-0.1789093017578125,-0.1763763427734375
1782969336675419400,10.27641943359375,-1.0995941162109375,-0.193939208984375,-0.17816162109375
1782969336685345300,10.28634521484375,-1.048492431640625,-0.195404052734375,-0.1731414794921875
1782969336695271200,10.296271240234375,-1.0284423828125,-0.1840362548828125,-0.1595001220703125
1782969336705197300,10.306197265625,-1.012451171875,-0.1700286865234375,-0.1392059326171875
1782969336715124200,10.316124267578125,-0.9740447998046875,-0.152984619140625,-0.117828369140625
1782969336725050000,10.326050048828124,-0.941558837890625,-0.1526031494140625,-0.1065216064453125
1782969336734976300,10.335976318359375,-0.927398681640625,-0.153411865234375,-0.0889892578125
1782969336744902100,10.345902099609376,-0.9051971435546875,-0.1457672119140625,-0.0723114013671875
1782969336754828800,10.355828857421875,-0.8904571533203125,-0.14007568359375,-0.0511322021484375
1782969336764755700,10.365755615234375,-0.8825836181640625,-0.13665771484375,-0.0387115478515625
1782969336774681600,10.375681640625,-0.8590087890625,-0.14141845703125,-0.041168212890625
1782969336784607700,10.385607666015625,-0.827117919921875,-0.1506195068359375,-0.0361480712890625
1782969336794533600,10.39553369140625,-0.8033905029296875,-0.1493988037109375,-0.0225982666015625
1782969336804459500,10.40545947265625,-0.79150390625,-0.1529083251953125,-0.0040283203125
1782969336814386700,10.41538671875,-0.7364044189453125,-0.12689208984375,0.007293701171875
1782969336824312600,10.4253125,-0.717620849609375,-0.1248016357421875,0.0247802734375
1782969336834238500,10.435238525390625,-0.6911773681640625,-0.13232421875,0.0272979736328125
1782969336844164600,10.44516455078125,-0.6551055908203125,-0.1157989501953125,0.022430419921875
1782969336854090800,10.4550908203125,-0.634490966796875,-0.1170501708984375,0.017730712890625
1782969336864017700,10.465017578125,-0.6326904296875,-0.1124725341796875,-0.0023345947265625
1782969336873943600,10.474943603515625,-0.615966796875,-0.122161865234375,-0.0150146484375
1782969336883869700,10.48486962890625,-0.561614990234375,-0.1112213134765625,-0.0110931396484375
